292	291	11	7D4D2DBC-4A44-48F5-911D-A63ABAFD5120	2017-12-13 13:21:02.243000000
294	293	11	3EA25B65-9579-4260-977D-D6F00D7D20EE	2017-12-13 13:21:02.320000000
296	295	11	DADAC1FF-3351-4827-9AE0-95004885C193	2017-12-13 13:21:02.383000000
298	297	11	B924F26F-6446-45D1-A92B-6F418374F075	2017-12-13 13:21:02.447000000
300	299	11	5BA4E7BE-8D29-46A2-B68D-67B1615B124A	2017-12-13 13:21:02.510000000
302	301	11	6CC8F248-8D96-4AFD-ADCC-61D93E8DE3B1	2017-12-13 13:21:02.570000000
304	303	11	33B4DA81-4448-481F-BF7C-357EA4D23F21	2017-12-13 13:21:02.633000000
306	305	11	70D35526-7C2F-470F-98CB-F9299A754F16	2017-12-13 13:21:02.697000000
308	307	14	DA33B75D-32FB-432D-A275-9E9D32E78F3E	2017-12-13 13:21:02.760000000
310	309	14	C2DEE145-A902-477E-AB21-29659AC3E97E	2017-12-13 13:21:02.820000000
312	311	14	4020DEAE-56F6-47DF-96C1-A01F3DE2305C	2017-12-13 13:21:02.883000000
314	313	14	9EF858DE-EABA-4A53-9B28-FC699D789957	2017-12-13 13:21:02.930000000
316	315	11	E3F641EA-02D1-4B59-BE3F-97785D4DAB4D	2017-12-13 13:21:02.993000000
318	317	11	DEB6D69A-7A6C-4820-B48D-67DC990A2A20	2017-12-13 13:21:03.053000000
320	319	11	C7BBF9BA-A676-41AD-ADC0-64A3190A50AF	2017-12-13 13:21:03.117000000
322	321	11	299E6EC8-5AA4-4E78-8EF1-35B125523BD3	2017-12-13 13:21:03.163000000
324	323	11	800EAF50-A564-4A2D-B06B-D920F7780C8B	2017-12-13 13:21:03.243000000
326	325	11	25CD8C2C-375F-4267-BF52-ACCE99255B42	2017-12-13 13:21:03.303000000
328	327	14	3F34DD3E-B7D5-4E44-A44C-D85B06299EDD	2017-12-13 13:21:03.350000000
330	329	14	2B8DADDC-5547-402C-9E88-12B70FF867C5	2017-12-13 13:21:03.413000000
332	331	11	3E139BDB-4810-464E-9283-DECD32939688	2017-12-13 13:21:03.477000000
334	333	11	79B81988-81DB-4C09-ABBA-DFD0328105C0	2017-12-13 13:21:03.540000000
336	335	11	F860BD9F-D951-490E-8180-68647B3AF8FF	2017-12-13 13:21:03.587000000
338	337	14	FBD31093-D7DA-4E73-A451-65D735AA7A5D	2017-12-13 13:21:03.650000000
340	339	14	E47DA956-BD09-4538-8C96-A54184103E37	2017-12-13 13:21:03.710000000
342	341	11	684329F0-A72D-48B8-AB03-DF71CDDE7D06	2017-12-13 13:21:03.773000000
344	343	11	0E667419-C7BB-4ABA-BE17-78801A6D929C	2017-12-13 13:21:03.837000000
346	345	14	6324CF53-A7B0-4009-A717-93FBCE96BE49	2017-12-13 13:21:03.900000000
348	347	14	F264A712-713C-4F49-90E4-F472799D372C	2017-12-13 13:21:03.960000000
350	349	11	4DA3D351-1BF0-4CE7-933E-49130672217F	2017-12-13 13:21:04.010000000
352	351	11	A1E6D0FE-3A15-4ACC-B70C-E5C025F8C672	2017-12-13 13:21:04.070000000
354	353	14	E3B65838-39FE-40EA-8A81-50CDBAD14547	2017-12-13 13:21:04.133000000
356	355	14	AE565833-864E-4F7C-870D-320D66D87CC0	2017-12-13 13:21:04.197000000
358	357	14	B35E6AE5-AA16-4491-8351-96C52F813E59	2017-12-13 13:21:04.260000000
360	359	14	ED90B8B3-A1EA-4114-80CE-36194F313A61	2017-12-13 13:21:04.320000000
362	361	14	DC638543-D8A6-45BB-9ED4-1BA1B9AFAAF5	2017-12-13 13:21:04.367000000
364	363	15	5C2B656B-4FCD-48F5-9490-475E6C913E7B	2017-12-13 13:21:04.430000000
366	365	15	D3789A2C-716B-4C68-BF7C-32B50065CB0F	2017-12-13 13:21:04.493000000
368	367	15	30530E6E-95E4-418A-9E33-D91E45E1CEEA	2017-12-13 13:21:04.553000000
370	369	11	1FC1EB22-9273-4FDE-800B-CC9854EBCE02	2017-12-13 13:21:04.600000000
372	371	11	21E336DB-B9B6-40F6-9860-733BD49E5C9B	2017-12-13 13:21:04.663000000
374	373	14	7F796271-4766-43B6-9E1C-32D7A6B56D95	2017-12-13 13:21:04.727000000
376	375	14	FBCAA1C0-0919-430F-A8A3-2C028561B89D	2017-12-13 13:21:04.790000000
378	377	15	D863E894-B7F7-4F04-9A95-318A32717E40	2017-12-13 13:21:04.850000000
380	379	15	2FDF5E10-BD87-4F59-881F-5BA8D00AD803	2017-12-13 13:21:04.913000000
382	381	11	BD4A26C1-864E-4DA7-BF95-8D7B014C8F30	2017-12-13 13:21:04.960000000
384	383	11	F7C042F2-3BF2-438C-A3F4-04C38CF70DC7	2017-12-13 13:21:05.023000000
386	385	11	74EBD106-BE6F-4405-8239-C6CFE21D8AA7	2017-12-13 13:21:05.087000000
388	387	15	5EAE3335-6344-40B2-BC17-F0A2FCB46D83	2017-12-13 13:21:05.150000000
390	389	15	2019BB4F-830D-4A17-9643-5DD983F975C2	2017-12-13 13:21:05.210000000
392	391	15	480A6031-F252-4624-97D1-3019065E6DDF	2017-12-13 13:21:05.260000000
394	393	11	E7D3DACF-B948-4D60-A3D8-D41AD7C26935	2017-12-13 13:21:05.320000000
396	395	11	FB0F5338-9494-4CDE-B23A-0C6AB8EB818F	2017-12-13 13:21:05.383000000
398	397	11	333865B8-61D8-491F-AD90-69F168F912FC	2017-12-13 13:21:05.430000000
400	399	15	C5B54296-1BB8-4F3F-98D0-5C574FE31AF7	2017-12-13 13:21:05.493000000
402	401	15	E9ABD738-DD0B-4CD4-AF1C-A30395EAB63B	2017-12-13 13:21:05.553000000
404	403	15	EB03B2B1-44FA-40B4-9FF5-CA9B84222CBE	2017-12-13 13:21:05.600000000
406	405	11	17B5E184-3F53-4667-BD9C-01349A40E78C	2017-12-13 13:21:05.663000000
408	407	11	A315AD94-37B6-4CA8-9BCC-F1301F93ABBC	2017-12-13 13:21:05.727000000
410	409	15	41F91829-511C-41B4-A0DC-92F0690CFCB6	2017-12-13 13:21:05.790000000
412	411	15	3B7C82BC-9AC9-48F0-9909-A88503D79441	2017-12-13 13:21:05.867000000
414	413	15	509E8E9C-D28E-4D4A-B3FE-EA06C619D9CD	2017-12-13 13:21:05.930000000
416	415	11	70C54F8A-7D4A-4C9A-9715-64950B02C961	2017-12-13 13:21:05.977000000
418	417	11	DD1FDE3B-80CD-4F07-AFC0-39ED599FE70B	2017-12-13 13:21:06.053000000
420	419	14	92E0FA0F-AE90-47CB-B876-F9454C31EA90	2017-12-13 13:21:06.117000000
422	421	14	B4E63792-5574-4F7D-A523-998067A535A3	2017-12-13 13:21:06.180000000
424	423	15	634700A9-CDA4-4F08-B0D9-C6CE34CC125A	2017-12-13 13:21:06.240000000
426	425	15	2F09DB7F-65A2-44C7-98BC-E3E3C51EFDC8	2017-12-13 13:21:06.303000000
428	427	15	E6232583-AFCE-4F5F-BAC8-A5B06664FF70	2017-12-13 13:21:06.367000000
430	429	11	13DEB0A3-955A-4A10-8967-693F8F997CB0	2017-12-13 13:21:06.413000000
432	431	11	48E8A5B2-4CB8-4499-AEA9-2247E33B73B4	2017-12-13 13:21:06.477000000
434	433	11	24BD32B1-1EBF-47BB-9ABD-C04A1D81A19E	2017-12-13 13:21:06.540000000
436	435	11	3B218536-6495-457D-84CC-3C11FD5142B9	2017-12-13 13:21:06.587000000
438	437	11	9A618F3B-A74B-4A55-B1D4-A646E9F031AC	2017-12-13 13:21:06.647000000
440	439	11	6F95C549-5F77-4781-AE42-C8DCD6E3801E	2017-12-13 13:21:06.710000000
442	441	11	E8F20067-FCF1-49AC-A865-A6E3D39565B4	2017-12-13 13:21:06.773000000
444	443	11	7FAB1AA3-009F-49B2-88AB-23B8501BE643	2017-12-13 13:21:06.820000000
446	445	11	C6F282B7-3C61-45E3-BFDC-F5759468E54A	2017-12-13 13:21:06.883000000
448	447	15	DF410B36-588A-437F-818D-EFA37392CB05	2017-12-13 13:21:06.943000000
450	449	15	25A287AA-A9BE-495E-8C1A-44729A598148	2017-12-13 13:21:06.990000000
452	451	15	729DBB82-ED84-42F2-91C2-EC78980AAE81	2017-12-13 13:21:07.070000000
454	453	15	A88D38C2-555D-4B52-946C-19B0D5E3E987	2017-12-13 13:21:07.133000000
456	455	15	FBB75991-E5E9-40C1-B04D-BA4D868F4785	2017-12-13 13:21:07.193000000
458	457	15	AE66FC40-0FF3-4D0A-8556-ED43C0E75E2E	2017-12-13 13:21:07.240000000
460	459	14	0A43DF68-A7BE-45EC-83B7-FCB97799B91B	2017-12-13 13:21:07.303000000
462	461	14	45AB073D-1359-4C5C-86EA-A88EEFB7FF6D	2017-12-13 13:21:07.460000000
464	463	14	B4290ADF-B4AD-4F11-8EC6-CC5816DD341A	2017-12-13 13:21:07.710000000
466	465	15	3C475491-9655-4037-99E0-553A1C9F0690	2017-12-13 13:21:07.773000000
468	467	15	6EE52D26-F6FA-48AB-8E23-EC993459AB57	2017-12-13 13:21:07.820000000
470	469	15	4FF4E821-6317-4FD7-97C9-503E01E6F03B	2017-12-13 13:21:07.883000000
472	471	14	59EFC73A-6863-4635-B27F-2470116442BB	2017-12-13 13:21:07.943000000
474	473	14	ED149A29-71C3-4CAB-A7F1-A4BE14D2B728	2017-12-13 13:21:07.990000000
476	475	14	6F02E4A5-AAEE-4CB1-AFD4-14AD326F6EC5	2017-12-13 13:21:08.053000000
478	477	14	B11E92D1-4857-44D1-9DBB-3B7AC268A168	2017-12-13 13:21:08.117000000
480	479	14	5222158C-33A5-4647-8DDF-9FC97097C3E9	2017-12-13 13:21:08.180000000
482	481	14	147D1ABC-259D-4D61-BD36-D8B9A3DD2C41	2017-12-13 13:21:08.240000000
484	483	15	7696EB76-B2BD-477E-B3D9-24820DC05F51	2017-12-13 13:21:08.303000000
486	485	15	F98BB138-4A7C-4EDA-81B6-5883F8802BD7	2017-12-13 13:21:08.350000000
488	487	15	AD449824-295E-4206-BD1E-BD2B1C40BBEA	2017-12-13 13:21:08.413000000
490	489	11	70A6A65B-7CDC-4543-8FAA-2E85611BFD6D	2017-12-13 13:21:08.477000000
492	491	11	D0F1AF66-3771-4FBE-9E3D-598A07AD65A2	2017-12-13 13:21:08.540000000
494	493	11	05591982-37D3-4573-837E-1E22BA505E55	2017-12-13 13:21:08.587000000
496	495	15	297F31BF-856E-4611-B96D-4B2175B60602	2017-12-13 13:21:08.647000000
498	497	15	D9A4597B-E7B9-4DDA-A0F3-A58D65A08D93	2017-12-13 13:21:08.710000000
500	499	15	A7799A5A-5F6E-4C8A-A2AB-B4145A7C64DC	2017-12-13 13:21:08.773000000
502	501	15	F4FA9121-3C10-40FF-BBED-4B8FDC51EC21	2017-12-13 13:21:08.850000000
504	503	15	EDC2CCDE-94F0-49DD-900F-273D0759A4BE	2017-12-13 13:21:08.913000000
506	505	15	16A22928-DB85-4248-9BF4-67B3F04638E5	2017-12-13 13:21:08.977000000
508	507	11	9469D670-7BD2-4DC6-8AB4-3BF10565FB37	2017-12-13 13:21:09.040000000
510	509	11	21A138C7-A5BB-4C44-A4A1-5B44A37E0EF1	2017-12-13 13:21:09.087000000
512	511	15	BCE0B468-E495-4AD6-8B5F-602954F2A55D	2017-12-13 13:21:09.147000000
514	513	15	8E581ED6-84C4-4BA8-BBC9-D1ACA8A8F8D9	2017-12-13 13:21:09.227000000
516	515	11	9D458542-012D-4E03-A8C7-DE6C07497B61	2017-12-13 13:21:09.290000000
518	517	11	5D5721EA-84D4-42B9-AFD2-F05FCD3DC16A	2017-12-13 13:21:09.350000000
520	519	11	0AC1244A-7CFE-4EAB-B0CD-96CD711ECE9E	2017-12-13 13:21:09.413000000
522	521	14	0D667194-343E-48AB-B636-BBEC46B26344	2017-12-13 13:21:09.477000000
524	523	14	8B00A710-7EB2-469B-842B-14EE6D43C58F	2017-12-13 13:21:09.540000000
526	525	14	BC5D2E56-3018-4564-9953-A5A036522409	2017-12-13 13:21:09.600000000
528	527	15	4845412C-A5F9-4647-AE10-9D50904A289B	2017-12-13 13:21:09.647000000
528	2009	14	BF0D55D9-9D51-4849-AFA2-1E81BD3312B9	2017-12-13 13:22:00.007000000
530	529	15	E22D3ECD-AAB0-4C19-A0D5-9012E2010BAD	2017-12-13 13:21:09.710000000
530	2008	11	619400F2-F097-480D-A171-9F6F4CD0043C	2017-12-13 13:21:59.977000000
532	531	15	60885963-7955-4785-BF50-1F490A35EC4E	2017-12-13 13:21:09.773000000
532	2007	11	5AB491C0-764F-4D33-B502-42BC5833D7C2	2017-12-13 13:21:59.930000000
534	533	14	D90B188C-2B3D-47A8-84A6-756701778F53	2017-12-13 13:21:09.837000000
536	535	14	2E4D090F-9E65-479B-B021-93AD772CD346	2017-12-13 13:21:09.897000000
538	537	14	E2899E31-BB2E-43C3-A373-4A5BAC33062B	2017-12-13 13:21:09.960000000
540	539	14	C6F04C9E-C446-423E-BB29-7C1A3955ED4F	2017-12-13 13:21:10.023000000
542	541	15	5B1B9196-4275-46BA-88C0-A9D6FF1D8CEE	2017-12-13 13:21:10.087000000
544	543	15	5DC57F71-88B3-43E9-B2A2-AB3A1419B6A5	2017-12-13 13:21:10.147000000
546	545	11	3727765D-AEED-4215-BB76-6FC57B9D727A	2017-12-13 13:21:10.210000000
548	547	11	7D944192-598F-4D26-8148-FA45E9201AAA	2017-12-13 13:21:10.257000000
550	549	11	3930ACB3-8BC0-465F-ACDA-DCD460A30589	2017-12-13 13:21:10.337000000
552	551	15	4F63ECCB-61AA-41B2-BAED-0836BA94DA6B	2017-12-13 13:21:10.397000000
554	553	15	B15DB61E-A432-40EC-B912-7F26D7C98A46	2017-12-13 13:21:10.460000000
556	555	15	7570804D-B79C-4700-B67A-F4F74EC9EB38	2017-12-13 13:21:10.523000000
556	2036	14	94B391A1-7134-4F71-8C86-16C2BCEDD1D8	2017-12-13 13:22:01.100000000
558	557	15	08B278F6-49C3-44BD-B682-85B7DCE9B87C	2017-12-13 13:21:10.587000000
560	559	15	F0A14131-68EC-49A5-9489-3DD6C8B1AD73	2017-12-13 13:21:10.633000000
562	561	14	055F9D68-6CBE-4628-9F0C-20E989E82CD9	2017-12-13 13:21:10.693000000
564	563	14	2AEFBBC8-5BC6-4944-BD77-6E1D76D4BA12	2017-12-13 13:21:10.757000000
566	565	11	B37517D9-2E0D-4BDE-BE9E-F606366688F3	2017-12-13 13:21:10.820000000
568	567	11	36622DB3-B692-4ED7-9F45-D87C29FF57B7	2017-12-13 13:21:10.883000000
570	569	11	03C0565B-7BEF-4C64-8386-E0B4E40CF464	2017-12-13 13:21:10.943000000
572	571	15	CB38A0DC-D66A-473E-9F51-379236C52C61	2017-12-13 13:21:11.007000000
574	573	15	34F0D280-FA6C-43D0-8E8E-71548B625CFB	2017-12-13 13:21:11.070000000
576	575	15	C7EFA75F-03D6-4D80-8FF5-1F68EC3F1674	2017-12-13 13:21:11.117000000
578	577	15	1482E4B5-B80E-4F0E-8948-476353FCFC3B	2017-12-13 13:21:11.180000000
580	579	14	BA3E6786-985E-4668-A4BA-EF26F9B75447	2017-12-13 13:21:11.240000000
582	581	14	781349A5-17AF-4F74-BD02-9A4AABD0E518	2017-12-13 13:21:11.303000000
584	583	14	BC34EE87-86C9-4F66-A1CD-B318DEDC4723	2017-12-13 13:21:11.367000000
586	585	15	C5F03461-7B2E-4282-8A24-9D1AAE324250	2017-12-13 13:21:11.430000000
588	587	15	2D1EA847-4A00-48A6-959B-01AFD7CB6803	2017-12-13 13:21:11.490000000
590	589	15	E65905FC-710A-4E1E-A4E1-0CDF876EBB02	2017-12-13 13:21:11.553000000
592	591	14	1FBA73E3-FF97-47B1-9E08-4346425771A0	2017-12-13 13:21:11.617000000
594	593	14	87CD6F4F-8F8B-4CCB-A79C-EA5FA4B2915F	2017-12-13 13:21:11.680000000
596	595	14	B7E8716A-504C-458A-8DE1-C7F7840235AD	2017-12-13 13:21:11.727000000
598	597	11	FA9C4EF2-D0C8-499F-90FC-86C0077509D5	2017-12-13 13:21:11.790000000
600	599	11	B8137079-D04E-40AC-9DB0-921F62D19BE2	2017-12-13 13:21:11.850000000
602	601	11	B3B58F49-3FAD-4E49-9E73-C094D0C39E7F	2017-12-13 13:21:11.913000000
604	603	15	B42B4ED6-062A-4E71-9618-884A13222966	2017-12-13 13:21:11.977000000
606	605	15	ECBEC299-BC18-4E22-A19D-495968E629DD	2017-12-13 13:21:12.040000000
608	607	15	2F00D749-DF30-452A-AB1A-969D78012AE1	2017-12-13 13:21:12.100000000
610	609	15	13B7F876-A60D-4C93-8C27-EA9DDD201DEF	2017-12-13 13:21:12.163000000
612	611	14	75478780-AF31-4419-8D7B-3EA10723D384	2017-12-13 13:21:12.227000000
614	613	14	6F7C73FD-64C8-4737-9B22-32E866423C86	2017-12-13 13:21:12.290000000
616	615	14	76D2A5D3-16B0-44B2-80FC-CC622BCFB29C	2017-12-13 13:21:12.350000000
618	617	14	415128AA-17CE-49FA-96D2-D72053B9D1A4	2017-12-13 13:21:12.413000000
620	619	14	ADBAE383-A511-4262-9475-AC6453EC2138	2017-12-13 13:21:12.477000000
620	2012	15	24F5A2B5-C714-4A6A-BFA0-ED0C31ACA37C	2017-12-13 13:22:00.133000000
622	621	14	C55B9ABE-B213-4840-BCF8-770E014A3CE0	2017-12-13 13:21:12.633000000
622	2013	15	6981A1D0-BE57-4FA4-A1A7-B7EFA5C3DBA6	2017-12-13 13:22:00.163000000
624	623	14	33F207C3-0BDE-48B3-AD4F-5919DE95CD2D	2017-12-13 13:21:12.710000000
624	2014	11	4316C277-F309-487F-B9D6-CACED845B23E	2017-12-13 13:22:00.210000000
626	625	14	697913C2-6DB9-44C4-9D0C-44DD534EC8F5	2017-12-13 13:21:12.773000000
628	627	14	2E97F442-41E8-47A6-B698-0126447B1478	2017-12-13 13:21:12.837000000
630	629	15	6F21C193-3E3D-4745-94D4-98C35C9D1551	2017-12-13 13:21:12.897000000
632	631	15	A7ABDE2A-DF1A-4BBC-AAB3-88A60D78D836	2017-12-13 13:21:12.960000000
634	633	15	3B8AF2C1-FC89-4212-825A-5FBE9B673C14	2017-12-13 13:21:13.023000000
636	635	15	0594E73C-24CE-452B-9FF9-FCFBB942E07A	2017-12-13 13:21:13.087000000
638	637	15	231820CD-73AF-4584-8374-497ADA5B3673	2017-12-13 13:21:13.147000000
640	639	15	2D6B89D0-5E2B-4739-B03E-F970A0FD800B	2017-12-13 13:21:13.210000000
642	641	14	45E39004-8430-4AD6-A8C5-A49EABE23AD1	2017-12-13 13:21:13.273000000
642	2010	15	49D1C883-CD61-4279-9192-B8A3D371514A	2017-12-13 13:22:00.053000000
644	643	14	BC1D7F9B-55C9-4F68-A60A-31E2F326C53F	2017-12-13 13:21:13.320000000
644	2011	11	661F5C8D-B702-4EEA-A01A-27C626F441FF	2017-12-13 13:22:00.087000000
646	645	11	2E82F730-81A4-4321-9296-FBD852B0AEB9	2017-12-13 13:21:13.383000000
648	647	11	B128FB82-DDD0-43E7-8D7A-7D117A979072	2017-12-13 13:21:13.460000000
650	649	11	EC32201C-B8ED-40EE-B787-54313A4A9AF4	2017-12-13 13:21:13.523000000
652	651	14	535368EB-C789-426C-BC96-E7F66716E63F	2017-12-13 13:21:13.587000000
654	653	14	843791B6-9B34-485C-9667-8BE19DF02935	2017-12-13 13:21:13.663000000
656	655	14	4214BF34-7045-40F3-AA24-7557FBC5ED79	2017-12-13 13:21:13.727000000
658	657	14	281111C5-D2F1-4B66-B70A-7709BB4850CC	2017-12-13 13:21:13.790000000
660	659	14	33C19767-5684-408A-8B01-1AF7A76AD3CB	2017-12-13 13:21:13.850000000
662	661	14	C8F15F79-F822-4330-B30F-FE3163BB3B2B	2017-12-13 13:21:13.913000000
664	663	11	DFD2CA01-C36B-49A1-B1F0-444299EE8E1F	2017-12-13 13:21:13.977000000
666	665	11	298A827A-F529-4639-87E7-C4E7F0D9968F	2017-12-13 13:21:14.040000000
668	667	11	4A36FDB7-AF34-4691-88CF-0B6CCC8E7B2C	2017-12-13 13:21:14.100000000
670	669	11	CA808211-AC0C-43DA-B853-0A961038F981	2017-12-13 13:21:14.147000000
672	671	11	A964D3FC-204C-4DDB-8339-485268DCB8E9	2017-12-13 13:21:14.227000000
674	673	11	66AB5137-3750-4F9C-A3AC-CD244DC93ED1	2017-12-13 13:21:14.273000000
676	675	15	5C159BC4-EA77-43FF-8A51-4C500DCD4D2D	2017-12-13 13:21:14.337000000
678	677	15	68FA6066-5A2A-4AAE-BE24-48E147A03CA6	2017-12-13 13:21:14.397000000
680	679	15	7762F849-4439-49C0-AD3E-B60B19C33859	2017-12-13 13:21:14.460000000
682	681	15	45456658-CF0E-4BBB-B716-6CF97C14D239	2017-12-13 13:21:14.507000000
684	683	15	AB86E93E-228E-457E-A2EE-24A9968830D5	2017-12-13 13:21:14.570000000
686	685	15	DDF75C52-2720-4C61-A0FE-DE921BB680E5	2017-12-13 13:21:14.633000000
688	687	15	2DAE7545-2F88-41AD-B74C-42AA44B0860A	2017-12-13 13:21:14.693000000
690	689	14	FE05D84C-BA1D-4899-9064-24226D0CB4AE	2017-12-13 13:21:14.773000000
692	691	14	28C542DF-EB4F-4ADA-83C8-246899196849	2017-12-13 13:21:14.820000000
694	693	14	47596B67-6247-43D0-91D0-9FC64AB1AE88	2017-12-13 13:21:14.883000000
696	695	14	453F76B0-93BA-4DBD-BFEC-8824DECDC1C7	2017-12-13 13:21:14.943000000
698	697	14	247B233F-3F9D-4F92-9AC5-921EF705250E	2017-12-13 13:21:15.007000000
700	699	15	13288046-411F-4220-844D-AECE22FC91C1	2017-12-13 13:21:15.070000000
702	701	15	DC3917C4-7100-41B2-B616-04D2A262F91F	2017-12-13 13:21:15.133000000
704	703	15	57C23006-ECD9-4A43-AB70-065C0A7A195D	2017-12-13 13:21:15.193000000
706	705	15	AC400EAC-FAF4-4E1B-915F-6EB091F90A0C	2017-12-13 13:21:15.257000000
708	707	15	F9B01E8C-C372-478D-84EA-28A05C35944E	2017-12-13 13:21:15.320000000
710	709	15	35A4367B-4DA3-40D4-BB4F-40F3AA063C6F	2017-12-13 13:21:15.383000000
712	711	15	2ABA1A33-AB77-4FA6-AA84-494FFA2870E8	2017-12-13 13:21:15.430000000
714	713	15	4261845F-285A-446C-A52E-5BA77CF1F72D	2017-12-13 13:21:15.490000000
716	715	15	7E667B74-F8D9-4E27-8F76-29BD8C7AFA9C	2017-12-13 13:21:15.553000000
718	717	15	40B20B15-1C18-40E6-8439-88A86BC1D56B	2017-12-13 13:21:15.617000000
720	719	15	5D72C751-4498-49BF-94B1-A67AD4CAA51F	2017-12-13 13:21:15.680000000
722	721	15	4EEC6753-7D87-4BAE-A820-A99AF4F5B62B	2017-12-13 13:21:15.740000000
724	723	15	2A40AFEB-1AA8-42CC-A9EC-14718643164F	2017-12-13 13:21:15.803000000
726	725	15	87682867-8EE0-4AAA-A4D2-A6A6DCEBAFCA	2017-12-13 13:21:15.867000000
728	727	15	9E544DD9-2360-436B-BBE4-8363DFE0A60A	2017-12-13 13:21:15.930000000
730	729	15	A2F7CCE6-C373-4D60-8957-0AFE2327B2E2	2017-12-13 13:21:15.990000000
732	731	15	0252164B-7F75-4E63-B8C6-D188510CDA1E	2017-12-13 13:21:16.053000000
734	733	15	056136B8-E60C-49C7-A0F0-F492FF1D3059	2017-12-13 13:21:16.117000000
736	735	15	2AF7D25A-EAEC-4069-A675-7B03FA27C3D2	2017-12-13 13:21:16.193000000
738	737	15	5D3B9C7C-A8F7-41CC-91DD-C991C5D9C539	2017-12-13 13:21:16.273000000
740	739	15	B79D40E0-888E-499B-97F0-0D21DB834837	2017-12-13 13:21:16.337000000
742	741	15	F93F0130-04B4-464E-BB0D-26B1BC3C60B9	2017-12-13 13:21:16.400000000
744	743	15	C498029A-156E-4275-9B05-056361CB5758	2017-12-13 13:21:16.460000000
746	745	15	991D203F-43C8-4CF7-9681-BAE8321B7AF7	2017-12-13 13:21:16.523000000
748	747	15	61CC315F-41D8-475A-839A-2A632BE4F4D8	2017-12-13 13:21:16.570000000
750	749	15	451BBF82-4466-40F7-AC33-B599B9D488C5	2017-12-13 13:21:16.633000000
752	751	15	FF0778F5-100C-4ED9-A198-CC5C7632F271	2017-12-13 13:21:16.697000000
754	753	15	BAC6EF19-C311-4442-89D7-283AEBC14E4B	2017-12-13 13:21:16.760000000
756	755	15	874629E6-FD65-4D5D-9F3D-1F8A73D0D350	2017-12-13 13:21:16.820000000
758	757	14	A4E5551F-C96A-453E-9C79-8EE38DDEB181	2017-12-13 13:21:16.867000000
760	759	14	4CD2130A-4395-4EA5-9B64-F0CF4078098B	2017-12-13 13:21:16.930000000
762	761	14	30610849-4AFD-429E-A320-D04007E695EB	2017-12-13 13:21:17.010000000
764	763	14	83B768F2-EA37-45BD-BEF8-068ED911F782	2017-12-13 13:21:17.070000000
766	765	14	C649DE10-33D6-40BE-8323-D0BAE356D662	2017-12-13 13:21:17.133000000
768	767	14	D36A263D-1629-4E08-AD24-23F72CE9C309	2017-12-13 13:21:17.197000000
770	769	14	4E02665B-5003-48DB-B88A-589A1405F133	2017-12-13 13:21:17.243000000
772	771	14	A462E3A1-654F-472D-848A-CAEDFC8AEB50	2017-12-13 13:21:17.320000000
774	773	14	3450F92E-AFD3-442B-9EEE-57587943D413	2017-12-13 13:21:17.383000000
776	775	14	A87E6B07-4205-4A06-8EFB-CFB2A2039B67	2017-12-13 13:21:17.447000000
778	777	14	A3E91440-A773-405D-ACC1-CA60CDD9F23D	2017-12-13 13:21:17.493000000
780	779	14	C3B4A681-43DF-445E-B7F0-03D0D80222EF	2017-12-13 13:21:17.553000000
782	781	14	2C05B4D5-2A9C-4225-9A69-8A545C210FCE	2017-12-13 13:21:17.617000000
782	2031	15	B59969CB-A93D-4715-A0F5-EDF6A9E42AD8	2017-12-13 13:22:00.897000000
784	783	14	12DDE48E-D94C-469D-B804-ED93FDBFE477	2017-12-13 13:21:17.697000000
784	2032	11	977A9FB5-1100-4165-91BE-43387F6C0D44	2017-12-13 13:22:00.943000000
786	785	14	F519A729-23EB-424A-940F-A99BDE7AD77A	2017-12-13 13:21:17.760000000
786	2033	11	1ED046B7-C9B0-4037-8A95-FEDB72037807	2017-12-13 13:22:00.977000000
788	787	14	C0B1E25A-4C8C-4276-903A-A7CAF0AF13EB	2017-12-13 13:21:17.820000000
788	2034	15	176E8EEA-E62D-4254-A2BA-10757C1D8364	2017-12-13 13:22:01.023000000
790	789	14	DE81BF7A-15C0-4923-BBA9-3209AD60C1D3	2017-12-13 13:21:17.883000000
790	2035	11	448F0D4F-0834-4954-9F4D-07E6B7F3DA33	2017-12-13 13:22:01.053000000
792	791	14	F95744EE-F7A7-44F5-86A8-B24E5A9C7A24	2017-12-13 13:21:17.947000000
794	793	14	813761EC-DA7A-4D0F-B0E2-DEF929083ECF	2017-12-13 13:21:18.010000000
796	795	14	C813AA9E-9E2E-4BE2-8F5E-41C3D3EFC2AC	2017-12-13 13:21:18.087000000
798	797	14	B6814BAA-FF02-45A4-A69C-5233F080D51E	2017-12-13 13:21:18.150000000
800	799	14	9D878D12-23E7-435B-A5A6-2006F7BD13C0	2017-12-13 13:21:18.210000000
802	801	15	97810EE1-91B5-4EEB-A038-4A0170FD69DE	2017-12-13 13:21:18.273000000
804	803	14	5E24D997-E300-49C9-8A60-96DC82C9E04F	2017-12-13 13:21:18.337000000
806	805	14	BCCD09BB-220B-45F2-AEDC-6D155951093D	2017-12-13 13:21:18.397000000
808	807	14	0D7DCA6B-0B6C-420F-B63C-99BC53520374	2017-12-13 13:21:18.443000000
810	809	14	32653899-49FB-4731-A788-808A6972927C	2017-12-13 13:21:18.507000000
812	811	11	88F19779-6B5D-436F-84FA-DBB60A7E84F5	2017-12-13 13:21:18.570000000
814	813	11	BAB5F0C8-2A67-4F1E-95D4-143C2A68AC01	2017-12-13 13:21:18.633000000
816	815	11	E00492EF-C073-4668-B79A-74D66AC5F54F	2017-12-13 13:21:18.693000000
818	817	11	2A8A9977-1CE2-4F2F-9278-3870E8CB59B2	2017-12-13 13:21:18.757000000
820	819	11	C544874C-6060-461B-8C7C-276BE645533F	2017-12-13 13:21:18.820000000
822	821	14	C06488DC-1F77-40F1-8B1B-87A6B5BB0BB0	2017-12-13 13:21:18.883000000
824	823	14	77DA4F09-031F-4318-847D-B747CFE2F346	2017-12-13 13:21:18.943000000
826	825	14	1873F5D1-1CD7-4276-9C77-84A563AB80DA	2017-12-13 13:21:19.007000000
828	827	14	30052667-C6FC-4248-AD13-8585F27E0A15	2017-12-13 13:21:19.070000000
830	829	14	09295AAB-B00B-4766-8C9A-4BB20DAC8C07	2017-12-13 13:21:19.133000000
832	831	14	589E0EB0-DBF4-40DA-8783-145C8FBD2CDA	2017-12-13 13:21:19.193000000
834	833	14	445389B9-E18D-4276-8823-14FE5DEEA518	2017-12-13 13:21:19.257000000
836	835	14	CD9DE522-72C6-4F7F-92EE-BBB8BF797789	2017-12-13 13:21:19.320000000
838	837	14	2D03970D-00C4-42F6-91E5-F7A51DAE2863	2017-12-13 13:21:19.383000000
840	839	14	3A7ABFAA-4B56-4C10-A249-DBFA807018C1	2017-12-13 13:21:19.443000000
842	841	14	230E4183-B02F-4E48-A7ED-9E3D0B62452D	2017-12-13 13:21:19.507000000
844	843	14	9EE24B77-6EDC-4EF7-A1FF-5E1A7BA9350C	2017-12-13 13:21:19.570000000
846	845	14	E454F882-6EC7-4334-8067-A41C8B6579F0	2017-12-13 13:21:19.633000000
848	847	14	52EBFECD-FB7D-46A2-A91E-4DF6A9383DBD	2017-12-13 13:21:19.693000000
850	849	14	3D5CE04B-EB98-4C89-BE12-A1AAC5C058F2	2017-12-13 13:21:19.757000000
852	851	14	65E2234B-4944-41B6-99C2-10D038614CED	2017-12-13 13:21:19.820000000
854	853	14	ABDDC6A5-72B5-4B82-A8B4-647E3A58CC30	2017-12-13 13:21:19.883000000
856	855	14	0780B8F8-0507-4325-BEA0-8EA60AB39B4B	2017-12-13 13:21:19.943000000
858	857	14	C14BB89A-A135-4A09-87CC-9D051517A573	2017-12-13 13:21:20.007000000
860	859	14	4B9E42EB-8F22-4B3E-A371-1A14DEE37AB7	2017-12-13 13:21:20.070000000
862	861	14	EA411C7B-D166-4632-9E0F-4903DC1EDCE0	2017-12-13 13:21:20.133000000
864	863	14	1964FC65-5B49-471F-BBFF-CB55C7E60D89	2017-12-13 13:21:20.193000000
866	865	14	D0665F93-B272-46A1-9667-0310FC8C52A3	2017-12-13 13:21:20.257000000
868	867	14	52EB7A19-92CA-45E4-84C9-27956ECC180D	2017-12-13 13:21:20.320000000
870	869	14	4A314FB4-39BC-4069-85AE-3B114AECE769	2017-12-13 13:21:20.367000000
872	871	14	E76A1936-B54B-4A6C-BEE8-FCC9BA5356B0	2017-12-13 13:21:20.443000000
874	873	14	E39D80A9-C23A-4A57-A7A6-296F6F3FDC8C	2017-12-13 13:21:20.507000000
876	875	14	52D5D2A5-7E95-4591-A11B-90B8862A683B	2017-12-13 13:21:20.553000000
878	877	14	9F1C0D2E-5D6C-4A60-9671-BFF4AADDE988	2017-12-13 13:21:20.617000000
880	879	14	B97886F0-2F38-4159-92CC-9DAB0D0D1662	2017-12-13 13:21:20.680000000
882	881	14	F42FA85C-152D-447A-A2A7-E988A8D598B9	2017-12-13 13:21:20.740000000
884	883	14	393C0466-2AC5-4F2E-B71B-3F8B1B1EE603	2017-12-13 13:21:20.803000000
886	885	14	4EF43FAB-B7DD-47D0-9D9F-3B007D9CA66D	2017-12-13 13:21:20.867000000
888	887	14	BFE8577A-A3D6-4C0F-9CF3-34C10E92EB83	2017-12-13 13:21:20.913000000
890	889	14	105B3F0A-2D02-4F32-B7F4-C942919D807C	2017-12-13 13:21:20.977000000
892	891	14	5B51341E-FB43-45F6-B8AD-0DF5067D985F	2017-12-13 13:21:21.040000000
894	893	15	EA7A6D54-4CDA-4227-BC6D-7078FFDF51EE	2017-12-13 13:21:21.100000000
896	895	15	1CC2705D-E1C0-434C-94BD-DE75699D9352	2017-12-13 13:21:21.163000000
898	897	15	A9BD2FD0-6EF6-4427-AA2F-E22A3DC6F332	2017-12-13 13:21:21.227000000
900	899	15	F4C5E574-CB8A-4A8B-A8CF-46C0E313FEA8	2017-12-13 13:21:21.290000000
902	901	15	5C23420E-FD71-4B4D-9B11-1E657F6AC940	2017-12-13 13:21:21.350000000
904	903	15	D6AD717A-69B7-4BFE-A678-2E48D4041CBE	2017-12-13 13:21:21.413000000
906	905	15	4ECBE2B4-F43F-4FE5-8FEC-1438ECA37FEE	2017-12-13 13:21:21.477000000
908	907	15	08857A92-841C-4A68-8CD0-6467A29EA3E9	2017-12-13 13:21:21.553000000
910	909	15	C7EDD7F6-8E79-4424-B95C-737A6D079182	2017-12-13 13:21:21.617000000
912	911	15	C5F2935D-E17C-4A0E-BD28-E0A014F025A9	2017-12-13 13:21:21.663000000
914	913	15	9D2067CE-F8B2-4A82-A097-5223007F9510	2017-12-13 13:21:21.727000000
916	915	15	4FAE0B9C-5AAF-4019-96EE-D3E74F2D9357	2017-12-13 13:21:21.790000000
918	917	15	B568B735-7E08-4440-850D-C9A0AC38A4E1	2017-12-13 13:21:21.850000000
920	919	15	F089FF06-125D-4443-975E-2B2F4303DB66	2017-12-13 13:21:21.913000000
922	921	15	EF2A3D8B-948F-46D7-9881-6A729E90BD79	2017-12-13 13:21:21.960000000
924	923	15	B8200550-4C8A-47EC-8000-82223705C59E	2017-12-13 13:21:22.023000000
926	925	15	67C602CF-3A9D-445A-A00D-471AC990D94E	2017-12-13 13:21:22.087000000
928	927	11	2EE6DDCB-2DD3-48A1-A4FF-440E16A4DFBC	2017-12-13 13:21:22.147000000
930	929	11	9FDDA29F-32EB-48AC-B828-59B372D27144	2017-12-13 13:21:22.210000000
932	931	11	FF13563A-7230-49B7-AD27-3A36153340E0	2017-12-13 13:21:22.273000000
934	933	11	080A7C86-10A9-4F4A-9370-701E5648BF6C	2017-12-13 13:21:22.337000000
936	935	11	0DCCACF7-119F-4AF6-B64A-EDCDB3D55951	2017-12-13 13:21:22.397000000
938	937	11	FEF9D511-C4DB-4CB6-8792-9558381CFE4C	2017-12-13 13:21:22.460000000
940	939	11	72160CB7-3CA9-4D7B-AE7A-F2BFA75186C7	2017-12-13 13:21:22.523000000
942	941	11	02F39F48-8152-4142-B191-731F0119FA66	2017-12-13 13:21:22.587000000
944	943	15	6084F815-960F-4A1A-9DCF-B057F493A477	2017-12-13 13:21:22.647000000
946	945	15	EE3ED44F-8398-4050-B243-431996E45BCA	2017-12-13 13:21:22.710000000
948	947	15	670D9C39-A2A8-47FA-BBB6-B01A014B8E95	2017-12-13 13:21:22.773000000
950	949	15	364733C3-1E75-4461-BEFB-23978A20BB8E	2017-12-13 13:21:22.837000000
952	951	15	0E19BA6F-63B4-4640-86FC-AF27F2AA1125	2017-12-13 13:21:22.897000000
954	953	14	51B4EE63-DF9C-4DE0-940D-4E5938FF8D18	2017-12-13 13:21:22.960000000
956	955	14	86217E74-9A29-45DA-8FF7-B78B4CE6E41A	2017-12-13 13:21:23.023000000
958	957	14	F6B14D5C-821E-4BB6-AEE2-047C3A8DD049	2017-12-13 13:21:23.070000000
960	959	14	01422957-23AE-4079-AFBA-07000F64B4A1	2017-12-13 13:21:23.133000000
962	961	14	FF18D157-D0CF-4B67-AD14-F7E1DBCABA14	2017-12-13 13:21:23.193000000
964	963	14	FF407DA9-018C-4726-A8FC-5E3A5F475E7F	2017-12-13 13:21:23.257000000
966	965	14	1ACF8C2B-50AF-4F17-BB32-75D973C795D0	2017-12-13 13:21:23.320000000
968	967	14	C02403FB-4AAB-4EA0-8536-4B2511E72EBC	2017-12-13 13:21:23.383000000
970	969	14	D506CC41-34F0-4A8F-A0F4-69475B2165F2	2017-12-13 13:21:23.443000000
972	971	14	85B6953E-EC0B-4125-BB4D-D26FA3827130	2017-12-13 13:21:23.490000000
974	973	14	860CB636-702C-48B1-9CAF-47456912DF74	2017-12-13 13:21:23.553000000
976	975	14	87DF53AA-98A9-4123-9D08-476EC2EA1786	2017-12-13 13:21:23.617000000
978	977	14	965F63F8-9582-4963-AEF2-5AF67155AAE8	2017-12-13 13:21:23.710000000
980	979	14	F14CEA84-2318-448D-902F-9F5887B92B50	2017-12-13 13:21:23.773000000
982	981	14	136CC971-5508-4453-BB4D-3E37C6A79BE8	2017-12-13 13:21:23.837000000
984	983	14	6A1F2432-C41C-4182-BD61-E51A7C5157B4	2017-12-13 13:21:23.897000000
986	985	15	D102D411-973A-4234-9584-F6021DFA1A9A	2017-12-13 13:21:23.960000000
986	2006	14	724C88E8-387F-467A-A973-5D5A95CB001A	2017-12-13 13:21:59.883000000
988	987	15	F11623EE-90C7-4AFF-96CB-C0BE23C660A3	2017-12-13 13:21:24.007000000
988	2005	11	D2B81214-8A6A-4C5D-926D-321CCFE2357D	2017-12-13 13:21:59.850000000
990	989	15	4C8E529A-8B2E-43B0-A988-72B9057E2D68	2017-12-13 13:21:24.070000000
990	2004	11	77BDF3A4-7794-44C0-8243-AFA9B8E1EC5C	2017-12-13 13:21:59.803000000
992	991	15	6FEED595-7BAB-43EC-AE6D-B0907E45EC58	2017-12-13 13:21:24.133000000
992	2003	14	18E3C763-A28D-4D62-89E2-D0E88DB8844E	2017-12-13 13:21:59.773000000
994	993	15	9F87A169-3943-4B84-BB4B-645A3C1B491A	2017-12-13 13:21:24.193000000
994	2002	11	AB65788B-2182-4EA6-B6C7-B0F0DDFC6C16	2017-12-13 13:21:59.727000000
996	995	15	A7ACF0AC-AA71-4650-8754-F6540A5AE4EB	2017-12-13 13:21:24.257000000
996	2001	11	D64FE6FD-6908-4D87-9EC9-08BB1F71434C	2017-12-13 13:21:59.680000000
998	997	15	E60FEB74-48F5-4C9A-BAFC-D1007EEB7C10	2017-12-13 13:21:24.337000000
998	2000	14	0AEE2960-588E-4DA5-A6BE-39B75E683121	2017-12-13 13:21:59.647000000
1000	999	15	6D0F091C-0E9F-4210-A1FA-33D4B33B5FA7	2017-12-13 13:21:24.383000000
1000	1999	11	D0B1CD92-1FA9-4FCC-835C-140B4525EF65	2017-12-13 13:21:59.600000000
1002	1001	15	AA3101A7-293E-459A-9D4E-5120FA438641	2017-12-13 13:21:24.443000000
1002	1998	11	ACADE29F-F749-41F8-BBC0-46BC9FF36DA1	2017-12-13 13:21:59.570000000
1004	1003	15	3FE520A2-86D6-401A-95DE-58F569249B56	2017-12-13 13:21:24.507000000
1004	1997	14	780C7B10-7D06-4EE4-B5A8-B1A93D85D05C	2017-12-13 13:21:59.523000000
1006	1005	15	38820D45-9182-4BDB-A272-98A6BD996BF1	2017-12-13 13:21:24.570000000
1006	1996	11	99CC4808-F2C9-4CAA-B9FF-B24D7FB839C6	2017-12-13 13:21:59.490000000
1008	1007	15	CAB48BF3-5558-4ABF-9F53-00B6AFE1843D	2017-12-13 13:21:24.633000000
1008	1995	11	8628535E-1231-460D-BC3E-38982F236171	2017-12-13 13:21:59.443000000
1010	1009	15	0E8823B6-3489-4CD7-874A-B73FD94F2A4D	2017-12-13 13:21:24.693000000
1010	1794	14	AD4298D7-30EC-4573-8AA9-F801487012C4	2017-12-13 13:21:52.850000000
1012	1011	15	9E04E95C-4E07-4F73-9EEF-E1C39653BED8	2017-12-13 13:21:24.757000000
1012	1793	11	933563EA-33A2-43B4-9150-477534DBAA18	2017-12-13 13:21:52.820000000
1014	1013	15	921FB3B7-0B8D-454A-81CB-7AB491AFF2ED	2017-12-13 13:21:24.820000000
1014	1792	11	833A2C98-8759-4770-B042-0F5C50226A8D	2017-12-13 13:21:52.773000000
1016	1015	15	28C28567-2405-45DF-83D8-E2DED2545A16	2017-12-13 13:21:24.883000000
1016	1791	14	D6D22A12-5EFD-4AF0-94A6-58583E080890	2017-12-13 13:21:52.740000000
1018	1017	15	2E7D9F80-E9A3-4639-9C1D-155DE1FD1A55	2017-12-13 13:21:24.943000000
1018	1790	11	AE5E35AA-3505-4680-805E-E8DDCE5E7F31	2017-12-13 13:21:52.693000000
1020	1019	15	1246CA5A-D2DF-408C-98DA-354995878103	2017-12-13 13:21:25.007000000
1020	1789	11	04619ED4-4E5C-4DB5-9A29-0FD04DB6A57A	2017-12-13 13:21:52.647000000
1022	1021	15	B2FB1848-D30A-4382-A6AE-2239201208F7	2017-12-13 13:21:25.070000000
1022	1788	14	9D1A1395-4DF2-40E3-8E56-05CBDCB4E17A	2017-12-13 13:21:52.617000000
1024	1023	15	63E6F8F0-1929-448C-AE9C-91BE8B356D4F	2017-12-13 13:21:25.133000000
1024	1787	11	04171511-79D9-475F-A4C6-1B7A1960CD00	2017-12-13 13:21:52.570000000
1026	1025	15	3EA96AA7-4BB2-4F6A-8A75-A5C10DEE3448	2017-12-13 13:21:25.193000000
1026	1786	14	FC7102AE-DE2C-46BA-A789-1C32C9B82781	2017-12-13 13:21:52.540000000
1028	1027	15	5560F200-6D68-46A0-9E56-4F2F97B3D3A4	2017-12-13 13:21:25.257000000
1028	1785	11	E58B9638-0524-4598-95AD-471C1025EAA9	2017-12-13 13:21:52.490000000
1030	1029	11	DEFFCBB6-ED8D-4272-906E-41CBBFE71277	2017-12-13 13:21:25.320000000
1032	1031	11	00A811E1-D1A5-47B0-8D94-1C6FBAC4C743	2017-12-13 13:21:25.383000000
1034	1033	11	682431C9-4C27-445E-A499-209422368E37	2017-12-13 13:21:25.443000000
1036	1035	11	3508D876-D04E-40AC-BBCE-EFF8A720B786	2017-12-13 13:21:25.507000000
1038	1037	11	1ED9A194-A171-4ED2-809A-15C5D979AE1F	2017-12-13 13:21:25.570000000
1040	1039	11	A9C9B610-2430-4788-B9F9-0C3FA6B562C0	2017-12-13 13:21:25.633000000
1042	1041	11	274D835A-359C-4B18-8B47-D47B0555B703	2017-12-13 13:21:25.680000000
1044	1043	11	69A75DAA-3099-4678-B9BC-38BFF117172A	2017-12-13 13:21:25.740000000
1046	1045	11	3D024D6E-1DAD-46EB-907A-FCC8CE540277	2017-12-13 13:21:25.803000000
1048	1047	11	7502485A-E36D-4A2A-A5C0-8D207E16B479	2017-12-13 13:21:25.897000000
1050	1049	11	D9069EC0-E6A6-474E-883C-E7F30175418C	2017-12-13 13:21:25.960000000
1052	1051	11	25E3F4AF-CD92-400F-9308-700ACDC4B2A5	2017-12-13 13:21:26.023000000
1054	1053	11	1AD3EAC8-F6F4-4FB5-8D30-1ACA17430A37	2017-12-13 13:21:26.193000000
1056	1055	11	CE5E745E-5D0F-490C-A0E7-AD56CAF70A0B	2017-12-13 13:21:26.273000000
1058	1057	11	61FA9306-AD9D-444A-8D6B-D05658602BF7	2017-12-13 13:21:26.350000000
1060	1059	11	EBC1C319-DD8C-420D-A9D3-9E9A9EC3299E	2017-12-13 13:21:26.430000000
1062	1061	11	55B1C077-6B07-4C13-A731-813B97A0D972	2017-12-13 13:21:26.490000000
1064	1063	11	81A2949F-025F-4F29-BCA8-AFED2940EE8B	2017-12-13 13:21:26.553000000
1066	1065	11	97FEDAD7-BB43-494E-B7C5-414E9306A12C	2017-12-13 13:21:26.617000000
1068	1067	11	BC51DED6-E47E-48B4-842F-CDB4ACA93C7A	2017-12-13 13:21:26.680000000
1070	1069	11	9F64240D-F99A-44E8-AF72-E75333CBE0B6	2017-12-13 13:21:26.740000000
1072	1071	11	F332EC35-90F1-4146-AE80-3B64164D23A9	2017-12-13 13:21:26.803000000
1074	1073	11	5649315A-2E88-4005-8067-7FADB163CBB4	2017-12-13 13:21:26.867000000
1076	1075	11	29A6C0E7-027F-4C56-BA90-B89E849E69F7	2017-12-13 13:21:26.930000000
1078	1077	11	2BFBDF50-33E6-40FE-BC87-22CAB76FB1ED	2017-12-13 13:21:27.007000000
1080	1079	11	AA7EA8F4-8DC1-4957-93EF-9EC652AE1A0C	2017-12-13 13:21:27.070000000
1082	1081	11	F5DAD19C-1193-46A6-9784-5CDBD8431A4C	2017-12-13 13:21:27.133000000
1084	1083	11	6BD06750-289C-4D68-862E-9F27C379E739	2017-12-13 13:21:27.193000000
1086	1085	11	02718E7E-0365-47C4-9008-3CC9CEFE5BE6	2017-12-13 13:21:27.273000000
1088	1087	11	B24DF078-14B4-479B-81D6-AF7D77276CA3	2017-12-13 13:21:27.337000000
1090	1089	11	E718EE8E-F38B-4AED-81B2-EB2C90F12158	2017-12-13 13:21:27.397000000
1092	1091	11	BAEBB365-59CF-4EBD-93EE-C9F568DB4E8B	2017-12-13 13:21:27.460000000
1094	1093	11	34BE38A6-7A59-47D7-9180-9713C3AD93E5	2017-12-13 13:21:27.523000000
1096	1095	11	A69DE8F7-BF01-4007-A224-C1140D50668E	2017-12-13 13:21:27.587000000
1098	1097	11	05A0B3C5-31D8-46A8-AE4F-069E2F4D6B76	2017-12-13 13:21:27.633000000
1100	1099	11	E02807D5-07BE-41D1-B609-A7F5117B42D2	2017-12-13 13:21:27.693000000
1102	1101	11	0F5EAB63-64C3-4611-B812-2CA4DD1D0D31	2017-12-13 13:21:27.773000000
1104	1103	11	2C74A535-91B7-489C-B9DE-3E54B101952E	2017-12-13 13:21:27.820000000
1106	1105	11	EBFF39DE-325B-4B7B-89BA-67C39C07C8B8	2017-12-13 13:21:27.883000000
1108	1107	11	87F0C472-ED04-4319-8762-45E736D9020F	2017-12-13 13:21:27.943000000
1110	1109	11	ABC46007-80B7-4107-8C4C-0EC7D023D525	2017-12-13 13:21:28.007000000
1112	1111	15	C9ACB2C5-8DCA-405C-8084-6A5D8C1633F9	2017-12-13 13:21:28.070000000
1114	1113	15	A87653AE-5450-4D3D-B0E3-7A0EE97FDBFF	2017-12-13 13:21:28.133000000
1116	1115	15	BF90D5FE-D1D4-4F46-9AEC-694C5FC0AB5D	2017-12-13 13:21:28.210000000
1118	1117	15	A2BE27FB-C6E1-433B-AA3B-22E2566CAAFA	2017-12-13 13:21:28.273000000
1120	1119	15	6010B9EF-F741-4618-91A0-AC516A0A8B3A	2017-12-13 13:21:28.337000000
1122	1121	14	B8B2758C-9567-461E-8F55-DF6BF29D26DB	2017-12-13 13:21:28.383000000
1124	1123	14	0E5962D8-1FC6-4BE5-B943-41D0CC0C7ADC	2017-12-13 13:21:28.647000000
1126	1125	14	4B2CB213-5BA2-4E98-AE7C-CF37D9002797	2017-12-13 13:21:28.850000000
1128	1127	14	6FC7F7D0-F54D-4519-BED9-CC5FFC410399	2017-12-13 13:21:28.913000000
1130	1129	14	8671A37E-AA1D-4098-9CC0-FA903979E677	2017-12-13 13:21:28.977000000
1132	1131	15	F3E2D6C6-B0BC-4F03-8C35-8251B0F0081F	2017-12-13 13:21:29.040000000
1134	1133	15	2F262723-F331-4AFD-8775-78F00AE28FC0	2017-12-13 13:21:29.100000000
1136	1135	15	922E42DA-740A-485F-9215-C744FC7121DC	2017-12-13 13:21:29.163000000
1138	1137	15	EDC62BA2-8E18-41E9-850B-64024B5A7447	2017-12-13 13:21:29.240000000
1140	1139	15	AD116DDB-C836-48E5-AC87-AA3211ABAFE6	2017-12-13 13:21:29.303000000
1142	1141	15	B3B93AE1-5794-4F57-85B5-AFF36B386597	2017-12-13 13:21:29.367000000
1144	1143	15	52ABAC26-A3DE-4429-9EC5-4C37C6BB30E3	2017-12-13 13:21:29.430000000
1146	1145	15	08D6A0BB-C2B6-4E65-A6FA-0C73FE85A5CE	2017-12-13 13:21:29.490000000
1148	1147	15	02B9B740-629D-43C7-9C53-15BEB7231FB8	2017-12-13 13:21:29.553000000
1150	1149	15	F3875AB8-1429-4C23-A440-3FFD05E45848	2017-12-13 13:21:29.617000000
1152	1151	15	21209C80-AD6A-4887-AA13-BB13345618FA	2017-12-13 13:21:29.680000000
1154	1153	15	1535056C-1EB5-4DA5-BF9B-85D25C6FCBFB	2017-12-13 13:21:29.740000000
1156	1155	15	6E2069B6-6E00-4596-B6C6-E9AB38BB2ADE	2017-12-13 13:21:29.803000000
1158	1157	15	F07FADB8-AB29-40A5-B998-627C2575EEF6	2017-12-13 13:21:29.867000000
1160	1159	15	F1BC84A6-F382-4FCB-A27A-FE6C9741ECE0	2017-12-13 13:21:29.943000000
1162	1161	15	81D1FF45-08A4-474B-966D-785C860FA68C	2017-12-13 13:21:30.007000000
1164	1163	15	F33711D1-F583-470A-8751-1F88A4B4A166	2017-12-13 13:21:30.070000000
1166	1165	11	0D742CF3-923F-4810-B8E6-B1487C1786DB	2017-12-13 13:21:30.133000000
1168	1167	11	8B4190E2-B071-4685-B247-BCC7F51A4B1A	2017-12-13 13:21:30.193000000
1170	1169	11	A23A88E2-6C54-4D9B-A6A6-38C86E93D3D4	2017-12-13 13:21:30.257000000
1172	1171	11	4DEB663B-47E1-4A4A-BF03-BF7E6A697AFC	2017-12-13 13:21:30.320000000
1174	1173	11	1D155847-BC67-493D-BBF7-FBC3150E5528	2017-12-13 13:21:30.397000000
1176	1175	11	6638C8E5-48D1-4273-B5E8-2915431A1EA7	2017-12-13 13:21:30.460000000
1178	1177	11	2E05D76B-E135-4468-B5A1-691E9E9F1205	2017-12-13 13:21:30.523000000
1180	1179	11	3254F443-2FA9-4D6B-9151-628B2F5BD1D5	2017-12-13 13:21:30.587000000
1182	1181	11	0186491F-6A89-4A4A-92EA-D4938125A635	2017-12-13 13:21:30.663000000
1184	1183	11	D05E5FCA-EA75-450F-8C8F-DFB2DEB72D94	2017-12-13 13:21:30.727000000
1186	1185	11	3765C742-B69D-46BF-9930-4C1AD35F6A58	2017-12-13 13:21:30.790000000
1188	1187	11	A8AB023D-040A-4D9B-AC42-8274E1D0EE14	2017-12-13 13:21:30.850000000
1190	1189	11	6433CF54-0F76-4806-AB05-7E1DD63D475A	2017-12-13 13:21:30.913000000
1192	1191	11	C83DEC47-A5A4-4AED-9075-AB3EDC1C4F61	2017-12-13 13:21:30.977000000
1194	1193	11	50E557AD-3141-4F9D-8FA8-FE23E2CA5898	2017-12-13 13:21:31.040000000
1196	1195	11	776F5E4B-6BED-4468-9B79-EA85F10EB54B	2017-12-13 13:21:31.100000000
1198	1197	11	804E7A3D-A2F7-464E-9FF5-7B38581ADEAA	2017-12-13 13:21:31.163000000
1200	1199	11	A0C4B3BD-DC4C-4892-B02B-AD658AA62D9F	2017-12-13 13:21:31.227000000
1202	1201	11	CE7D58F1-1E9A-4201-9B3C-BD549FB5071F	2017-12-13 13:21:31.290000000
1204	1203	11	5BF83DF5-A3AB-499D-9102-D6DCB93E1B0F	2017-12-13 13:21:31.367000000
1206	1205	11	7A6D9E62-D326-4514-92D7-48D49C9A0B14	2017-12-13 13:21:31.430000000
1208	1207	11	3BBA7A71-51C5-48EC-B7AE-D9EC439FB569	2017-12-13 13:21:31.477000000
1210	1209	11	407D3851-C23D-4647-92E4-F4A70F523A92	2017-12-13 13:21:31.553000000
1212	1211	11	099BAF0F-B712-4378-B663-5D281710C994	2017-12-13 13:21:31.617000000
1214	1213	11	B9D75D1A-FAB0-4A2C-AF84-60772AC3D124	2017-12-13 13:21:31.680000000
1216	1215	11	35831D38-D5BD-44AD-85C7-CDACDD7F9D26	2017-12-13 13:21:31.740000000
1218	1217	11	3D25BB03-7F75-4873-ABDC-5617A9775984	2017-12-13 13:21:31.820000000
1220	1219	11	19363775-BA66-4738-AAF1-D8B96BDAC023	2017-12-13 13:21:31.883000000
1222	1221	11	5E0FC684-FA5C-42E5-8898-5A75E8ACAFC1	2017-12-13 13:21:31.943000000
1224	1223	11	41E68189-DB5B-40DC-B0C7-1EE9076869DF	2017-12-13 13:21:32.007000000
1226	1225	11	29879C3B-B454-431E-AD24-D53185DC1632	2017-12-13 13:21:32.070000000
1228	1227	11	D1E0EB2C-8F10-4ABD-A1A1-8217D196D873	2017-12-13 13:21:32.133000000
1230	1229	11	F17FF8E0-37D9-4A21-9375-719F9CB4D82E	2017-12-13 13:21:32.193000000
1232	1231	11	1F1A0ACA-2266-4430-A38E-EE2CFC54A7F4	2017-12-13 13:21:32.257000000
1234	1233	11	A800B59B-AE53-4AD5-B135-F2D0F7557213	2017-12-13 13:21:32.320000000
1236	1235	11	1262C2A6-8C6B-47B4-888B-E6CAD7CCA6FF	2017-12-13 13:21:32.383000000
1238	1237	11	CF200551-72B8-4663-A024-2CA7D20E3E0E	2017-12-13 13:21:32.443000000
1240	1239	11	9538671B-4CB6-48AA-B31D-81EBD402309C	2017-12-13 13:21:32.507000000
1242	1241	11	B5600EE1-5E81-4455-B9EC-C8AF56D22AFE	2017-12-13 13:21:32.587000000
1244	1243	11	7D5C7A3D-81A8-413A-8FA1-EE68B6E7F449	2017-12-13 13:21:32.647000000
1246	1245	11	6365151A-D687-468E-B233-D5AA1E30B376	2017-12-13 13:21:32.710000000
1248	1247	11	295E5517-BA55-4B48-B4D4-B2C3C45083ED	2017-12-13 13:21:32.773000000
1250	1249	11	646E35BE-0E16-4C4A-8122-0BFFE9CC726B	2017-12-13 13:21:32.837000000
1252	1251	11	AFB63B5E-DE5F-4304-989E-0D9FC50917BB	2017-12-13 13:21:32.897000000
1254	1253	11	A96BE521-6E3D-46EF-9580-78313D30A21C	2017-12-13 13:21:32.960000000
1256	1255	11	6EBE5D45-68A2-401F-BDA2-7CC27B4EE70C	2017-12-13 13:21:33.023000000
1258	1257	11	4FB16E83-B71E-4369-AA33-E163953E7656	2017-12-13 13:21:33.087000000
1260	1259	11	8EFCA0A9-3459-4E6E-8A50-63C3A8F9E090	2017-12-13 13:21:33.147000000
1262	1261	11	3E8A6625-47D0-44D7-B828-BEE0F14AF8D8	2017-12-13 13:21:33.210000000
1264	1263	11	456E25A3-C764-4DB6-8882-BB2D910056C8	2017-12-13 13:21:33.273000000
1266	1265	11	223C1751-E0EC-4CBF-A3BA-0D0355DC992B	2017-12-13 13:21:33.337000000
1268	1267	11	FA902760-0024-417C-98F5-2C98E6CB68E1	2017-12-13 13:21:33.397000000
1270	1269	11	6E19C979-2E2F-4223-88F6-F2709965989D	2017-12-13 13:21:33.460000000
1272	1271	11	8F1DCB97-59C5-41BB-A0C4-97BF19059C0F	2017-12-13 13:21:33.523000000
1274	1273	11	300E5D6D-B86C-4DCA-9A70-FAF148484DFF	2017-12-13 13:21:33.587000000
1276	1275	11	65F7861A-9A44-480B-A19C-CE00DDCB48E3	2017-12-13 13:21:33.647000000
1278	1277	11	286B2D8F-19DB-4162-9154-35047B1254E7	2017-12-13 13:21:33.727000000
1280	1279	11	D3160472-6540-4ADE-8166-E115B7487D84	2017-12-13 13:21:33.790000000
1282	1281	11	1B184A1C-2216-464A-B624-AB002BABCBEE	2017-12-13 13:21:33.850000000
1284	1283	11	39801774-0C56-447A-9083-644B96DC2FCC	2017-12-13 13:21:33.913000000
1286	1285	11	4911EC92-AE89-49FC-958C-0432FDD2E9F3	2017-12-13 13:21:33.977000000
1288	1287	11	7A98D967-5A47-499C-AC2E-612F40D0DF17	2017-12-13 13:21:34.040000000
1290	1289	11	77648FFD-EA61-4CB8-B173-48C3730C1586	2017-12-13 13:21:34.100000000
1292	1291	14	10275331-B935-4F9B-BF80-C93B264F1F1B	2017-12-13 13:21:34.163000000
1294	1293	14	A1F5B1B8-B3FC-4A57-9E31-D9FC3D5D8174	2017-12-13 13:21:34.240000000
1296	1295	14	F40386FB-6C62-4D26-B5A6-5506FB4C2D19	2017-12-13 13:21:34.303000000
1298	1297	14	D899CDF6-D07B-4891-84FE-C20A99D49858	2017-12-13 13:21:34.367000000
1300	1299	14	A30E41B9-8200-4CD7-9A22-EFBAE04422FF	2017-12-13 13:21:34.430000000
1302	1301	14	8F5A34A6-5EB9-4221-BD08-29EA9C6D3DB5	2017-12-13 13:21:34.490000000
1304	1303	14	A66167B8-1403-4AF7-9CDF-FB8169093F69	2017-12-13 13:21:34.570000000
1306	1305	14	079A96A6-157B-49DA-8846-C5934875ACF7	2017-12-13 13:21:34.633000000
1308	1307	14	7AEFF858-6BE4-4EAF-9815-837C9C764A39	2017-12-13 13:21:34.693000000
1310	1309	14	3FAA1CA6-27DF-47B1-AB4A-75F50612F7A8	2017-12-13 13:21:34.773000000
1312	1311	14	8E2563E6-D8DF-4850-ABD5-E9E8AC814D28	2017-12-13 13:21:34.837000000
1314	1313	14	5C95E1FE-6D43-4CBC-9F28-67C4DD95C453	2017-12-13 13:21:34.897000000
1316	1315	14	DA96E505-EB74-4CA6-AF48-6ECA6856FAF2	2017-12-13 13:21:34.960000000
1318	1317	14	58C776FF-5110-4740-936D-6BD9F2AB7001	2017-12-13 13:21:35.023000000
1320	1319	14	FC819E18-3B12-4079-9A06-9C1D3ECA702C	2017-12-13 13:21:35.100000000
1322	1321	14	4DEC0D48-8FC4-42F3-808A-9534E0209EB6	2017-12-13 13:21:35.163000000
1324	1323	14	E367861C-D70D-4754-A6A1-82256D537F6C	2017-12-13 13:21:35.227000000
1326	1325	14	22BCEC36-95E8-4898-B18E-8530D997CCC8	2017-12-13 13:21:35.290000000
1328	1327	14	4FAD415B-D979-4E6F-8A68-569489E99054	2017-12-13 13:21:35.350000000
1330	1329	14	5D8A7E66-C268-4B88-9B19-21B87FA9BE32	2017-12-13 13:21:35.430000000
1332	1331	14	7E9F7F21-89A0-474B-9589-FFF1D2BDCD32	2017-12-13 13:21:35.490000000
1332	2015	11	37A5D213-0F31-4818-B9C0-0DD7DBD491A1	2017-12-13 13:22:00.257000000
1334	1333	14	C9762276-A8DC-406E-85A2-F9EACCCA0A6E	2017-12-13 13:21:35.553000000
1334	2016	15	1D792B21-9718-4388-B743-79363B98C66F	2017-12-13 13:22:00.290000000
1336	1335	14	97E0AC55-EBFA-4372-852A-DAF165911A76	2017-12-13 13:21:35.617000000
1336	2017	11	092E3356-60F7-4FB7-9CB7-1E637DA2E13F	2017-12-13 13:22:00.337000000
1338	1337	14	E58FEF72-9A45-46E0-811F-F8BFA147145A	2017-12-13 13:21:35.680000000
1338	2018	15	899F27E8-0465-4E61-BA10-20D6900D2A63	2017-12-13 13:22:00.367000000
1340	1339	14	26108D6B-1AD2-402C-A967-150B0280A995	2017-12-13 13:21:35.740000000
1340	2019	11	0FD78F49-0369-4CA7-A47A-EC4D646F3D6D	2017-12-13 13:22:00.413000000
1342	1341	14	D5D762CE-A892-4D8D-9E2F-CD0849133245	2017-12-13 13:21:35.803000000
1342	2020	15	587149C1-82D8-4EEF-9CF4-C609C96E7C88	2017-12-13 13:22:00.460000000
1344	1343	14	20123190-343E-4127-A1E1-89CAA345DEAF	2017-12-13 13:21:35.883000000
1344	2021	11	68B220B0-E15D-4BA3-903C-0E416B580747	2017-12-13 13:22:00.490000000
1346	1345	14	3DE5853F-ABBD-4B8E-843A-EC09A5A2F174	2017-12-13 13:21:35.943000000
1346	2022	15	CEE7FB94-F449-4BD7-A736-55943746AAB8	2017-12-13 13:22:00.540000000
1348	1347	14	CBCACD06-FB0B-4BC6-9921-E82C7C30E69C	2017-12-13 13:21:36.007000000
1348	2023	11	5663A231-878B-4185-A04D-B0FF83A036EA	2017-12-13 13:22:00.587000000
1350	1349	14	07A65AD9-0DBB-42A1-83CF-61671B24145D	2017-12-13 13:21:36.070000000
1350	2024	15	103959A6-8549-47B0-B35D-5870ABEC285D	2017-12-13 13:22:00.617000000
1352	1351	14	31136CFF-9A80-4368-8773-42CE19FF1AFD	2017-12-13 13:21:36.133000000
1352	2025	15	0228A5FC-7E7E-4722-8F83-EDAEDBE26F1E	2017-12-13 13:22:00.663000000
1354	1353	14	F2B0DD3C-2DED-4D0A-B0D0-B7165B35EC4A	2017-12-13 13:21:36.193000000
1354	2026	11	67AC2273-5F65-4606-9D14-B104957AFBAE	2017-12-13 13:22:00.693000000
1356	1355	14	21A8CF13-13B1-4EAC-A3AF-6C0BB19C21D1	2017-12-13 13:21:36.257000000
1356	2027	15	99734181-87E6-4D33-B135-2C25FD9E2492	2017-12-13 13:22:00.740000000
1358	1357	14	EB81A25A-3F73-402A-A0E7-BBC8DDB5279C	2017-12-13 13:21:36.320000000
1358	2028	15	343A9C5C-34DD-464F-BFB9-E48245B9692A	2017-12-13 13:22:00.773000000
1360	1359	14	02644F17-74F8-4D40-B019-8DEA1185D2E6	2017-12-13 13:21:36.383000000
1360	2029	11	A5E30E4D-4FFC-4357-AB62-E0C436A43E68	2017-12-13 13:22:00.820000000
1362	1361	14	36DD5D8E-4E57-4C2A-9F53-77917BA3392E	2017-12-13 13:21:36.460000000
1362	2030	15	143ECE4A-CAFE-49A3-AA7E-5B179C65BB01	2017-12-13 13:22:00.867000000
1364	1363	15	2505F196-238D-48D0-A58F-E3D5A9F2C981	2017-12-13 13:21:36.553000000
1366	1365	15	54C620E3-027D-48E7-8568-92B00609AD78	2017-12-13 13:21:36.617000000
1368	1367	15	24E0B4EE-2A64-4AF2-B4FD-6757819D4B1A	2017-12-13 13:21:36.680000000
1370	1369	15	A59E9A09-414F-454C-B3D5-01D7B95E338C	2017-12-13 13:21:36.740000000
1372	1371	15	A2B73CC3-3BE4-46B0-A613-D2184CD0521D	2017-12-13 13:21:36.803000000
1374	1373	15	A8F12148-8ADB-4D8A-8052-022267866694	2017-12-13 13:21:36.867000000
1376	1375	15	313FBABD-B608-4E82-A327-8971F777FEBE	2017-12-13 13:21:36.943000000
1378	1377	15	F687DA08-9726-4CCB-9CB5-11762801F940	2017-12-13 13:21:37.007000000
1380	1379	15	873379C6-45CB-491A-8186-D61B857E9591	2017-12-13 13:21:37.070000000
1382	1381	15	40E4F917-18D2-4ADF-8895-45C30DEF6C8E	2017-12-13 13:21:37.133000000
1384	1383	15	D63AFFAC-98A3-485C-A1EE-A3E84DCDF1CB	2017-12-13 13:21:37.193000000
1386	1385	15	ED437B89-0AEC-49A2-99AF-94C81E78337E	2017-12-13 13:21:37.257000000
1388	1387	15	A07E9474-8876-4FD9-8FCA-330D222A6768	2017-12-13 13:21:37.320000000
1390	1389	15	7BE24A4C-0F1F-476E-91B2-BE4C29D86C22	2017-12-13 13:21:37.523000000
1392	1391	15	6EDC0541-2838-4E50-B5FC-F3D3C9D0AC21	2017-12-13 13:21:37.727000000
1394	1393	15	745DCF49-1142-459C-9815-6247A4E60122	2017-12-13 13:21:37.790000000
1396	1395	15	E0FE5C1E-8EDE-4FEF-94F3-5AC025A62CA3	2017-12-13 13:21:37.850000000
1398	1397	15	C894E876-52DF-4299-A5C7-56767F30F1D7	2017-12-13 13:21:37.913000000
1400	1399	15	32815A00-94FC-43B2-A5C3-E120E69B4833	2017-12-13 13:21:37.990000000
1402	1401	15	EDE3C846-D97E-4114-A84E-4264BD988224	2017-12-13 13:21:38.053000000
1404	1403	14	1ACA47AC-87A9-4591-B05E-D9C7F7BAE5D3	2017-12-13 13:21:38.117000000
1406	1405	14	66785964-2A36-42F7-AE50-7FB39DA6B8B9	2017-12-13 13:21:38.193000000
1408	1407	14	AAF2BDE5-2C4F-4C5A-91A1-3C2B0F9314A8	2017-12-13 13:21:38.257000000
1410	1409	14	36B0A64A-47DF-42CC-BA46-AA6C13E4275C	2017-12-13 13:21:38.320000000
1412	1411	14	869A177B-BC20-45D1-9EC6-C43F2D12DAE7	2017-12-13 13:21:38.383000000
1414	1413	14	46B99FD9-31CF-4576-8162-686AACD6156E	2017-12-13 13:21:38.443000000
1416	1415	14	E7E8C9A3-4807-4236-B69D-327127C16A23	2017-12-13 13:21:38.507000000
1418	1417	14	3F559996-FBF1-4C81-9087-DFAAE3B84968	2017-12-13 13:21:38.570000000
1420	1419	14	116FC6F2-A3D9-4BB7-8368-34BFA8C1239F	2017-12-13 13:21:38.647000000
1422	1421	14	B770A2ED-2E96-4CFB-8D19-B3F7A7CEFA76	2017-12-13 13:21:38.710000000
1424	1423	14	2FB2D98F-00AC-4CFC-9802-38FFAD872941	2017-12-13 13:21:38.773000000
1426	1425	14	10984661-12A0-4C99-9416-3D8F3458E521	2017-12-13 13:21:38.837000000
1428	1427	14	C43C374C-0343-47CE-B5BC-B25DD5E86C1A	2017-12-13 13:21:38.897000000
1430	1429	14	12A56105-316E-4571-B407-550102666F3D	2017-12-13 13:21:38.960000000
1432	1431	14	BB0D2DB0-BFA0-4D17-A635-F056936429A4	2017-12-13 13:21:39.023000000
1434	1433	14	54E21DF0-6C86-4BDF-8EA5-2B2760FA8BF2	2017-12-13 13:21:39.087000000
1436	1435	15	67926DCA-D0D5-4B57-9481-F106386B8948	2017-12-13 13:21:39.147000000
1438	1437	15	3014E012-88EA-4742-9765-A02533F4063A	2017-12-13 13:21:39.227000000
1440	1439	15	5B35E833-A240-48C1-A16A-13F179A06BE5	2017-12-13 13:21:39.290000000
1442	1441	15	AB994F88-FE38-4BE7-B72C-1CF823BB6D6F	2017-12-13 13:21:39.367000000
1444	1443	15	A832ABD8-97AE-4D74-A87E-51FC888F3047	2017-12-13 13:21:39.430000000
1446	1445	15	A77EAC12-2ECD-46C0-AF1C-AE656123A35D	2017-12-13 13:21:39.490000000
1448	1447	15	1481B49A-5333-42C3-ADA6-83740DD21B7B	2017-12-13 13:21:39.553000000
1450	1449	15	95C8705B-46A9-4C1D-ADAB-EE1DC1FDD904	2017-12-13 13:21:39.617000000
1452	1451	15	409DE65B-39F1-4D42-BF64-A053F8AADE07	2017-12-13 13:21:39.680000000
1454	1453	15	7F5E1FAC-9FF9-446F-A41E-39CC68E554E5	2017-12-13 13:21:39.740000000
1456	1455	15	072669B4-C2B2-4DD7-87B9-33CA9020F692	2017-12-13 13:21:39.803000000
1458	1457	15	7433DA3A-C021-4C25-B763-6850FB16473E	2017-12-13 13:21:39.867000000
1460	1459	15	1BAA8527-0808-47CF-8DA3-29BFDE65CA13	2017-12-13 13:21:39.930000000
1462	1461	15	0D0C4D27-7697-49D2-9F89-987507766F45	2017-12-13 13:21:39.990000000
1464	1463	15	50B18240-4537-41FE-A57C-5955CE10F9A9	2017-12-13 13:21:40.053000000
1466	1465	15	C9FCBBE1-5171-4E66-8DE5-580803529FF6	2017-12-13 13:21:40.117000000
1468	1467	15	76E40CD1-B9FB-48DA-984B-EFFD4222ACFD	2017-12-13 13:21:40.180000000
1470	1469	15	917BDA25-6BF2-4741-8984-56AA940EDC74	2017-12-13 13:21:40.257000000
1472	1471	15	3EAC3BD6-8765-4961-B9CE-3E438339EC51	2017-12-13 13:21:40.350000000
1474	1473	15	471655E9-3790-4CD5-9ABF-790AA97878FA	2017-12-13 13:21:40.430000000
1476	1475	15	3FA37036-B17C-47F3-9F0C-816BAB9F4839	2017-12-13 13:21:40.490000000
1478	1477	15	D785338C-B481-440D-888A-002893490281	2017-12-13 13:21:40.553000000
1480	1479	15	E3A383A9-FC1C-4148-8015-7BAEDDB6B33E	2017-12-13 13:21:40.617000000
1482	1481	15	D5CE496F-7560-40F4-B0B8-4E69A3AB2A8C	2017-12-13 13:21:40.680000000
1484	1483	15	37083D2D-4664-442C-8EFE-4593175342AC	2017-12-13 13:21:40.740000000
1486	1485	15	38F5DEFB-B56B-46AB-B1F8-A18B6C828DBE	2017-12-13 13:21:40.803000000
1488	1487	15	6E74BAB7-71F1-4F54-AEB9-0E188FBC0592	2017-12-13 13:21:40.867000000
1490	1489	15	67F75A26-5D9F-4E71-8FD6-FEA3E925004E	2017-12-13 13:21:40.930000000
1492	1491	18	9E368CD5-E5B6-43B4-A006-31D018D7C8E7	2011-12-23 00:00:00
1492	2054	19	22623211-6454-4BA4-A646-3E2AA135BF5B	2011-12-23 00:00:00
1492	2080	17	4610E212-3EFE-4C82-A377-8C3906FB8C8D	2011-12-23 00:00:00
1494	1493	17	43F4AFC3-86D7-4E2E-B585-1709DE5E0488	2011-04-25 00:00:00
1494	2061	18	744F2258-97F5-4931-9FA4-D88C54BAFEC8	2011-04-25 00:00:00
1496	1495	18	5707FDA4-1564-4650-9068-643DAC5F3A45	2011-04-25 00:00:00
1496	2049	19	9399078B-555A-40D1-AF7E-A7896F19E968	2011-04-25 00:00:00
1496	2077	17	CC1EF523-6AC9-47AC-9951-DA598111DF2F	2011-04-25 00:00:00
1498	1497	18	08658234-8FB7-4CA8-A175-7D25BF2D279D	2012-02-03 00:00:00
1500	1499	18	D78842CD-A022-4C78-9E05-0A8388B95AE3	2012-02-02 00:00:00
1502	1501	17	27440F5A-748B-4AC3-ABB8-5A1F14B55F23	2011-12-24 00:00:00
1504	1503	19	0DF34150-EF64-498C-B804-E7A773ED0BF5	2011-12-24 00:00:00
1506	1505	19	DDAC3657-9C8B-4EBD-A800-5B0CEADD4E08	2012-01-25 00:00:00
1508	1507	18	A691F19D-4968-47D0-8E19-0ECCAC1B23EB	2011-12-24 00:00:00
1508	2060	19	A7CE2ADB-7FB1-495C-A927-E18E175609F5	2011-12-24 00:00:00
1508	2086	17	EF0435EF-2702-421C-B242-5BA460C226E9	2011-12-24 00:00:00
1510	1509	2	AD2071C7-AF42-4015-AEFC-C8A7BBCBC39D	2012-01-25 00:00:00
1512	1511	17	978D673F-1EF2-4E58-9962-29F4B4503082	2011-12-23 00:00:00
1514	1513	17	CFF47D41-05C5-4786-9A07-8E28BBDB29E4	2012-02-03 00:00:00
1516	1515	19	F502F0F9-97DF-4E2A-B49E-D61EC2B37726	2012-01-25 00:00:00
1516	2089	18	D478E7D8-9E82-40D2-8371-2ADCF9B80081	2012-01-25 00:00:00
1518	1517	2	6CA86E4E-FDAB-4403-96D0-55750F18673B	2011-12-24 00:00:00
1520	1519	17	8C23B46F-090B-49D9-B25C-A196DC6ED99F	2011-12-24 00:00:00
1522	1521	2	0D85BFF5-7900-4930-A093-253041883930	2012-01-25 00:00:00
1522	2043	17	AB134502-A015-490B-9755-F58898752DAA	2012-01-25 00:00:00
1522	2071	19	0ED5EE10-429F-43AA-BBBE-5472BDDA65A5	2012-01-25 00:00:00
1524	1523	18	DF46EA08-DFD7-45F9-9D33-1AC3F0678426	2012-02-02 00:00:00
1526	1525	17	0D7E8D2A-CE67-431D-B66D-4D5A643544FD	2012-01-25 00:00:00
1528	1527	2	F501A45F-B97F-42DE-BFE0-5A1D6A416239	2012-02-03 00:00:00
1528	2048	17	4FEFB236-5B79-4D38-9A18-415F69D6E62B	2012-02-03 00:00:00
1528	2076	19	E09409D8-FA97-4997-BAF5-D3CC82F969E5	2012-02-03 00:00:00
1530	1529	19	B7C7EEDE-01C6-46EE-96A0-30DACEF5DFD4	2011-12-24 00:00:00
1532	1531	19	79F148E6-A1F6-4541-9654-6E217F8E4C9C	2012-01-29 00:00:00
1534	1533	19	BF0B6804-90D3-4FF4-B91E-9744E00DDCC5	2012-02-02 00:00:00
1536	1535	2	218FB7AA-8157-44FE-8FE4-B9FC65F859F8	2012-01-17 00:00:00
1536	2037	17	AC5046F1-7FB4-4B26-885D-C10391CA33DC	2012-01-17 00:00:00
1536	2065	19	76CF68B2-EFFF-43D3-BB39-877056D75E60	2012-01-17 00:00:00
1538	1537	18	CB6F7B14-9C7E-4927-87ED-CE52E8E9C89C	2012-02-18 00:00:00
1540	1539	18	96F356C6-BC33-408B-BCEF-AF61F651675F	2011-12-23 00:00:00
1540	2055	19	7C9A0853-950C-4899-87F0-6A298466C97D	2011-12-23 00:00:00
1540	2081	17	52FD88BF-3DDD-4E53-8A93-75785338A7FD	2011-12-23 00:00:00
1542	1541	2	02039E2B-5F88-452A-BB2D-B3C4446DE3C8	2012-01-25 00:00:00
1542	2046	17	5D3E4EBE-EA4B-4C9F-AD93-41A472F90D01	2012-01-25 00:00:00
1542	2074	19	5645FD79-CCFE-42FA-8B58-9BB3489D8EBA	2012-01-25 00:00:00
1544	1543	17	EA2053A1-F88E-4C3A-8200-90F21BE83970	2011-12-24 00:00:00
1546	1545	17	2D560D09-EFBF-44A0-B2F8-42D2427384F9	2012-01-29 00:00:00
1548	1547	19	07C69FA9-3E22-4312-B47C-C24E91C41D0D	2011-12-24 00:00:00
1550	1549	17	9FCF7E19-24C1-4B71-A5F0-A6BB130ECDA2	2012-02-03 00:00:00
1552	1551	19	BDF392A4-39D7-4A5E-A04B-0D5C3CF0127E	2012-01-25 00:00:00
1552	2090	18	95F4819C-A5EE-44EA-8C8A-0A06D57E2093	2012-01-25 00:00:00
1554	1553	17	DC80D2B4-9188-4300-AF2C-90CF548AB1B2	2012-02-18 00:00:00
1556	1555	18	8C3FDB6D-C448-4E1C-BDD6-C764D7A950E8	2012-02-18 00:00:00
1558	1557	18	F1836FE1-F554-4868-A09E-44D1DEBFCB7E	2012-02-03 00:00:00
1560	1559	17	8EBC4868-9A31-4ADC-8161-A2BAAE1EADAE	2011-12-24 00:00:00
1562	1561	18	F5301349-F133-4190-B6D5-5902CF08442F	2012-02-02 00:00:00
1564	1563	19	63BD791B-4A5F-4EA4-888E-327536B4F5A3	2011-12-23 00:00:00
1566	1565	18	6890365D-9084-43A5-B784-610EA5A50E44	2011-12-23 00:00:00
1566	2057	19	3634DD7D-1D9B-4332-A736-96FE49DA5523	2011-12-23 00:00:00
1566	2083	17	D79DF892-44D4-4561-AB34-5EA379498511	2011-12-23 00:00:00
1568	1567	2	72A644D6-789A-4E39-9BA0-7955E9E923C8	2012-01-17 00:00:00
1568	2038	17	B4F18D71-0240-446C-BDBE-2D53BDB24DD9	2012-01-17 00:00:00
1568	2066	19	E6ACFC71-CFA1-4421-9FD3-021AFADFCD83	2012-01-17 00:00:00
1570	1569	17	488B7FD6-4B8C-4E95-B3C4-0F54C0F2427C	2012-01-25 00:00:00
1572	1571	17	9C55B072-938D-49C8-9D84-EB1F7008CAFD	2012-02-02 00:00:00
1574	1573	18	879A2A5B-6E07-44BD-98E7-442A9B4BDEB3	2011-12-24 00:00:00
1576	1575	18	1C35CD99-A603-4600-AEAF-F9E496AC3834	2012-02-03 00:00:00
1578	1577	18	5533D307-4C23-45D0-B457-D91E9925E4AA	2012-02-18 00:00:00
1580	1579	19	32CC7C2A-B6C8-45C2-B47C-C3899EE7ED20	2011-04-25 00:00:00
1582	1581	2	8BF6312E-D59C-43AA-A8F5-89786D71D3A3	2012-01-25 00:00:00
1584	1583	17	F654676F-9436-4804-9822-DF29F37E9697	2012-01-25 00:00:00
1586	1585	18	E45B11F8-4E5F-49E3-80E5-93876D087B37	2012-02-02 00:00:00
1588	1587	18	B6BA7CFB-F57D-4E74-9939-AF8AC420AABA	2012-02-02 00:00:00
1590	1589	18	8C6DC1F4-5A7B-4EA1-98F0-5EB866B396A0	2012-02-03 00:00:00
1592	1591	18	0AE61667-F379-418F-8E68-BADCFB07F846	2012-01-29 00:00:00
1594	1593	2	3252317D-E358-4861-8DC0-FAFFC62C9738	2012-02-03 00:00:00
1594	2044	17	999349D9-B40F-4A86-BB31-B218B6BD6435	2012-02-03 00:00:00
1594	2072	19	9FA11D60-CC12-408E-BA06-EDF3DAB0964D	2012-02-03 00:00:00
1596	1595	2	4F8911CB-13E8-4889-91D9-169798562113	2011-12-24 00:00:00
1596	2045	17	F79A3FB8-9AC4-451C-A1C7-30353A6AA388	2011-12-24 00:00:00
1596	2073	19	E89F30B8-0A62-44BE-8B97-CBD62BB52C63	2011-12-24 00:00:00
1598	1597	17	33C0A355-14A1-4159-931D-17437219804E	2011-12-24 00:00:00
1600	1599	2	8747E981-BD08-4A56-B4D9-F5219600B47C	2012-01-25 00:00:00
1600	2042	17	0F4F33CD-7F52-46D3-AF71-713AAC61F41A	2012-01-25 00:00:00
1600	2070	19	2B9190E9-8AEB-4A2B-A890-AAFE2E25B3F0	2012-01-25 00:00:00
1602	1601	17	6C8B49AA-8CC4-4E9F-AB97-5FC882AE3E09	2011-12-23 00:00:00
1602	2064	18	CB755E32-AB58-4461-B861-CD2FAB593833	2011-12-23 00:00:00
1604	1603	18	5C9E2D9A-3CFB-4D4C-8F8A-CA1DB5D14B8C	2011-12-23 00:00:00
1604	2056	19	09688298-EA99-4F9C-B64A-E54C53254A63	2011-12-23 00:00:00
1604	2082	17	3D7D75AC-6EC1-4A19-80F4-4E25A3FC6900	2011-12-23 00:00:00
1606	1605	17	0A2BB46D-8F60-4A19-815C-3BE598C68DAA	2012-01-25 00:00:00
1608	1607	18	A31B0AED-298C-46F0-94FE-B155344F7CFF	2012-02-02 00:00:00
1610	1609	17	BCAB335D-8321-4A34-9E36-636DCF2FDC65	2012-01-25 00:00:00
1612	1611	18	CF96F227-F5FF-4717-8760-8BDD66DD4CB4	2012-02-02 00:00:00
1614	1613	18	4040CE4C-C96B-4D86-8E67-0774DE0F06DF	2012-02-02 00:00:00
1616	1615	18	DE245B2F-46C2-4A5A-995E-BE850D004E0C	2011-05-09 00:00:00
1616	2053	19	B788A80C-D5CC-4EB5-B63A-7B8C4AA9A9AD	2011-05-09 00:00:00
1616	2079	17	29B9AD69-0D86-4E5C-9767-45E175CB457D	2011-05-09 00:00:00
1618	1617	18	6D7B1D57-774B-4306-B7F6-72261B61CADA	2012-01-29 00:00:00
1620	1619	19	3768E6D6-6637-4850-88BE-DF01B1099C94	2012-01-29 00:00:00
1622	1621	17	7E7D68A6-0F6A-47BD-AD03-E865B589BACD	2012-02-02 00:00:00
1624	1623	18	76A6E7A7-6A9F-4FE8-95E2-BF04E64A9586	2011-12-24 00:00:00
1626	1625	17	E88B4C79-B0F9-4FFC-A7DC-E4E6B9D0D9C9	2012-01-25 00:00:00
1628	1627	17	72AA1279-0197-437C-9C72-7018BE862576	2011-12-23 00:00:00
1630	1629	2	9D8FAF5F-8B8D-4DA0-948A-3E802D42F16E	2012-02-02 00:00:00
1632	1631	18	1E28BDD0-5C2B-4DCB-8B21-826D61C8853A	2012-02-02 00:00:00
1634	1633	17	6E2624C6-8C4D-4A3E-A7C3-44685104F00B	2011-05-09 00:00:00
1636	1635	2	58BCA248-2FA8-49A8-A159-EF1E0B80DBDA	2012-01-17 00:00:00
1638	1637	17	2CEDCB06-6574-4192-9AEF-B2A7614A5CA0	2012-01-25 00:00:00
1640	1639	18	AD8DC1B2-D487-496D-974E-B9134719A209	2012-02-02 00:00:00
1642	1641	2	DA26B021-97BB-4057-8FA8-98EBBAC63387	2012-02-02 00:00:00
1642	2040	17	4055FECF-A66E-43D8-BF91-84458B173890	2012-02-02 00:00:00
1642	2068	19	9FBDC2FC-F8E9-4896-A3D9-984A5E544978	2012-02-02 00:00:00
1644	1643	2	6C3A8F48-0E60-4A5D-BAD6-AC7E918BB67D	2012-01-25 00:00:00
1646	1645	2	D060FE0A-41FF-414D-A861-5E11A982E27D	2012-01-17 00:00:00
1646	2041	17	727C86C6-24D9-4A75-9A7A-5C6EE5A90717	2012-01-17 00:00:00
1646	2069	19	5093DA75-6837-4155-80FD-420DB03A33E2	2012-01-17 00:00:00
1648	1647	2	21DE8320-AB5A-4953-B865-5E07C37E6B8F	2012-01-17 00:00:00
1648	2039	17	FC90DFAD-610B-46D9-B588-E1384F311916	2012-01-17 00:00:00
1648	2067	19	5FA8F7CA-1546-414D-9910-2AC51C86D0B1	2012-01-17 00:00:00
1650	1649	18	4D5173FB-4356-47D9-B0CB-195ABC60F3FA	2011-04-25 00:00:00
1650	2052	19	D710E278-E6D7-4F66-86E3-131D4098EBFB	2011-04-25 00:00:00
1650	2078	17	B48D5362-FA49-4C03-81C9-793532400316	2011-04-25 00:00:00
1652	1651	17	EF5AE74D-A030-4A80-B6D1-987B5EB5C102	2012-02-18 00:00:00
1654	1653	17	C8606945-354C-49FE-8152-2733276CD554	2011-05-09 00:00:00
1654	2062	18	E0DC8516-1D3A-4004-AB59-B265AD2825C6	2011-05-09 00:00:00
1656	1655	18	2A6B008C-6D3A-465C-A2A5-6A57C6A50E9F	2012-02-02 00:00:00
1658	1657	19	ECC9CB33-8355-4602-BF7C-E0EA5F2E5867	2011-12-24 00:00:00
1658	2088	18	F8477ED1-4A56-4BA7-955E-74E554CA9F2D	2011-12-24 00:00:00
1660	1659	19	C373DAE2-8BF2-4CA6-9AE9-37763692A0E2	2012-01-25 00:00:00
1662	1661	19	181F0FB6-6B52-44DF-A11F-24ABEE092248	2012-02-02 00:00:00
1662	2087	18	C3ADBF9C-A8D0-44D8-9560-DD890746DE85	2012-02-02 00:00:00
1664	1663	17	D47E35E9-FCFE-4BF6-A6C0-8061A65A751F	2011-05-09 00:00:00
1664	2063	18	FB7A6AEB-EC6B-465D-B96D-8FD0111D97AC	2011-05-09 00:00:00
1666	1665	17	589F7370-661E-4E6E-9493-47D50E468679	2012-01-29 00:00:00
1668	1667	18	C116CFB9-724F-4223-BF0A-685015A7CCDD	2012-02-03 00:00:00
1670	1669	2	3A35179A-0DC4-4A42-919E-BC162F72F1FE	2012-02-03 00:00:00
1670	2047	17	80AFBA37-C540-43D8-95E6-1E8362C4AD54	2012-02-03 00:00:00
1670	2075	19	01766FB9-FD85-4213-812C-7B73EC851CA3	2012-02-03 00:00:00
1672	1671	17	7EC9892F-DD0C-4E1D-98AA-0BF3EF7B41AF	2012-01-25 00:00:00
1674	1673	17	4DA9BF5D-10CB-468F-991C-03F2A823E19E	2012-02-18 00:00:00
1676	1675	18	E4F14635-F2E9-4688-A41E-DC8F1EAD6D76	2012-02-03 00:00:00
1678	1677	19	B4DA7B01-A4DF-40AE-AE97-2BF09B1DDE27	2011-05-09 00:00:00
1680	1679	17	BC4E0302-33E6-4897-995E-9994BEBFAEB6	2012-01-25 00:00:00
1682	1681	18	9666C77B-66C6-42D2-9CFF-00ACDE4C2D84	2012-02-02 00:00:00
1684	1683	18	EDF54CFC-7B97-49CF-8EE9-1059524C533F	2012-02-02 00:00:00
1686	1685	19	01BEC60C-8E17-4C63-A787-2245E92A8845	2012-02-02 00:00:00
1688	1687	17	0D3B502B-EF37-465F-BEC4-08A6B443AD19	2012-02-18 00:00:00
1690	1689	17	FBC9DAAF-4436-4281-AE9C-AC782002A175	2011-12-23 00:00:00
1692	1691	18	5F7E4156-1989-4E99-8574-C5F05A887DCF	2011-12-24 00:00:00
1692	2059	19	32752AC6-B62D-4A89-A0DE-2B50C69FC1AB	2011-12-24 00:00:00
1692	2085	17	4E258AC5-F153-48F9-90A4-7C1AFF7154C7	2011-12-24 00:00:00
1694	1693	19	9DFD05F3-6BFB-45C1-942F-1D3EC141D39F	2011-12-24 00:00:00
1696	1695	19	2130ED19-EFF9-4006-B4C0-CAF5BA579D0A	2011-12-24 00:00:00
1698	1697	18	071BA803-57A8-439F-9DAE-5695052649B6	2011-12-23 00:00:00
1698	2058	19	A2BCE0B9-59DF-4DE7-BC59-7FB85EE58A6D	2011-12-23 00:00:00
1698	2084	17	56501401-FB7A-4646-9750-1E0C520C1D8B	2011-12-23 00:00:00
1796	1795	15	4BB595A5-5063-426B-8DDA-9371A58608F4	2017-12-13 13:21:52.913000000
1798	1797	15	79F35C92-5E55-4F57-BABE-6F45793FB644	2017-12-13 13:21:52.977000000
1800	1799	15	E3C6134B-1C88-4EE0-8131-0E87A6818740	2017-12-13 13:21:53.053000000
1802	1801	15	CE25AF40-3FD3-40CB-8BBE-D8217B2D39CC	2017-12-13 13:21:53.117000000
1804	1803	15	41D70F51-A9A3-4211-8B5B-F2D8FB70CF83	2017-12-13 13:21:53.180000000
1806	1805	15	15D022E2-FD2C-4E69-B91E-964454809AC0	2017-12-13 13:21:53.240000000
1808	1807	15	5A97FE1A-7691-4584-AD29-FCE91FED0C82	2017-12-13 13:21:53.303000000
1810	1809	15	6A5C5888-7422-40E7-89D7-409011A90477	2017-12-13 13:21:53.367000000
1812	1811	15	06A003EF-47F6-43F7-91C2-80374E9E8C6D	2017-12-13 13:21:53.443000000
1814	1813	15	5F1E8D57-4A48-4DB9-B120-A5CD1FFDDB19	2017-12-13 13:21:53.507000000
1816	1815	15	E2150158-9B9A-42D2-A50A-1F58903C51DB	2017-12-13 13:21:53.570000000
1818	1817	15	5DCA66D3-8F7C-401C-BFA6-F5E268F03280	2017-12-13 13:21:53.633000000
1820	1819	15	9B136094-07E1-4046-829E-2D7C95E6ADE4	2017-12-13 13:21:53.693000000
1822	1821	15	52117464-DFBB-417D-8262-E9668981FA35	2017-12-13 13:21:53.757000000
1824	1823	15	5EF73265-CAA8-418D-94B8-C46F7AD524A7	2017-12-13 13:21:53.820000000
1826	1825	15	44066E8E-EB1C-4437-9C33-A83AE8DE652D	2017-12-13 13:21:53.883000000
1828	1827	14	07C6A235-1109-48A8-B1D9-D3D4C3145F65	2017-12-13 13:21:53.943000000
1830	1829	14	0A0388ED-B4F9-4C2E-87F9-C7FE1D49884F	2017-12-13 13:21:54.023000000
1832	1831	14	FB07A04D-0E8C-470D-87F0-3156287BBB6A	2017-12-13 13:21:54.087000000
1834	1833	14	5610B2A9-49CB-4642-9A25-1ED1B3F13E65	2017-12-13 13:21:54.147000000
1836	1835	14	019E9573-92E1-4FE9-81C5-457C0FAD7906	2017-12-13 13:21:54.227000000
1838	1837	14	6A41DC92-8646-44F9-ADC5-E431505DE115	2017-12-13 13:21:54.290000000
1840	1839	14	D7E94259-3E09-4E09-8004-5200AB402599	2017-12-13 13:21:54.350000000
1842	1841	14	6D74361B-1ED2-4710-91CA-7A10872733CC	2017-12-13 13:21:54.413000000
1844	1843	14	773C5736-7DB9-40A7-9343-A180949F6187	2017-12-13 13:21:54.477000000
1846	1845	14	0FBADAD1-96DD-4A9E-9417-CDA593F803FE	2017-12-13 13:21:54.540000000
1848	1847	14	C0E3BDF5-57CE-4E90-B847-EA05A102C9B9	2017-12-13 13:21:54.600000000
1850	1849	14	DF097FF6-7D33-4756-8ADF-5D3E95AAD1F0	2017-12-13 13:21:54.663000000
1852	1851	14	3DDFC30B-C23A-40D4-807D-09A394A0EFD0	2017-12-13 13:21:54.740000000
1854	1853	14	BF84A293-6702-4936-ADE2-55C019641A0F	2017-12-13 13:21:54.803000000
1856	1855	14	A8240686-6FC6-4C29-9362-8BDDD2C864FF	2017-12-13 13:21:54.867000000
1858	1857	14	C1A3B1D9-CF0B-4986-B485-61FA99F088F1	2017-12-13 13:21:54.930000000
1860	1859	14	F6CB1429-9E49-467B-B031-A3F1F418C0DC	2017-12-13 13:21:54.990000000
1862	1861	14	065DA222-4B01-49B8-9834-4C82144B1C62	2017-12-13 13:21:55.053000000
1864	1863	14	7D260BB0-0048-4CC5-A46D-8F689D36C7C5	2017-12-13 13:21:55.133000000
1866	1865	14	6D7BD288-E64A-41A1-B5DD-2FE4F050B5D0	2017-12-13 13:21:55.193000000
1868	1867	14	9C4316BC-2A86-46A1-B83C-E803F3E942EA	2017-12-13 13:21:55.257000000
1870	1869	14	85830474-F442-4BDC-A3DC-7B05E3FC0D72	2017-12-13 13:21:55.320000000
1872	1871	11	A64B94C5-D615-43E2-A399-91DDE9DF9A3F	2017-12-13 13:21:55.413000000
1874	1873	11	7E1C2818-8F6E-4114-9F9A-D17641C10870	2017-12-13 13:21:55.490000000
1876	1875	11	D4DA00F5-5F87-4CC3-BF4C-FF47B076DC7F	2017-12-13 13:21:55.553000000
1878	1877	11	2163DD8B-02E7-4950-9173-FA8560F1A678	2017-12-13 13:21:55.617000000
1880	1879	11	EC68543E-2A32-45A6-B0FA-FC63BCBBFB93	2017-12-13 13:21:55.680000000
1882	1881	11	43991EEF-712C-48B9-A8A8-2C3DEF3334E6	2017-12-13 13:21:55.740000000
1884	1883	11	4AA18DCD-86C8-4361-910F-3D4614948945	2017-12-13 13:21:55.803000000
1886	1885	11	41E2DCE6-2367-4E82-B364-D3AA05D6509D	2017-12-13 13:21:55.867000000
1888	1887	11	7C28AD38-B1C2-4585-ACEF-A00731C66E5E	2017-12-13 13:21:55.930000000
1890	1889	11	B0CA90BB-1CD4-467D-8628-9594BBE1A9CD	2017-12-13 13:21:56.007000000
1892	1891	11	B1A75AF8-081B-4DE7-A14C-B350A7489631	2017-12-13 13:21:56.070000000
1894	1893	11	11A639F9-87EE-4E72-B6B9-E422B2FDDBD7	2017-12-13 13:21:56.133000000
1896	1895	11	141738F6-ADDF-43AF-8B88-4C0CDB088608	2017-12-13 13:21:56.193000000
1898	1897	11	BE9044B6-84E3-4C1E-86FC-B516E9C47108	2017-12-13 13:21:56.257000000
1900	1899	11	86AAB7E4-1237-4FA9-8F11-06FF15B1CF0A	2017-12-13 13:21:56.337000000
1902	1901	11	D3E78BE5-943F-42B2-A4AC-6EAD58DDA63C	2017-12-13 13:21:56.397000000
1904	1903	11	8B3AC3C7-F69B-41C1-B293-3EE9A3481A64	2017-12-13 13:21:56.460000000
1906	1905	11	8C5E50E6-4D91-4E84-ADB8-BC6AA2461437	2017-12-13 13:21:56.523000000
1908	1907	11	2A0AFF22-C843-4D80-8BC5-4FF1E6A9C7A6	2017-12-13 13:21:56.570000000
1910	1909	11	B1156AF0-3FDE-4C6C-A13B-CE236A549322	2017-12-13 13:21:56.647000000
1912	1911	11	CE88C6C3-2144-4719-969B-12A4A6276CF5	2017-12-13 13:21:56.710000000
1914	1913	11	353EB236-0162-4413-B45F-99E198753596	2017-12-13 13:21:56.773000000
1916	1915	11	D9E8F3FA-2C2D-4467-8657-90DE90E59C2D	2017-12-13 13:21:56.850000000
1918	1917	11	32D2E23A-DD61-476D-A329-79662CC11B07	2017-12-13 13:21:56.913000000
1920	1919	11	BCD5AD34-36E0-4662-BF7A-A928A0E30084	2017-12-13 13:21:56.977000000
1922	1921	11	1CE11B78-022A-45C6-B4C3-E26A15E43249	2017-12-13 13:21:57.040000000
1924	1923	11	57BBC290-78A0-4E65-B97C-4A9F9BA2F1AB	2017-12-13 13:21:57.100000000
1926	1925	11	FB929226-7004-4AED-9039-7DFF3B563925	2017-12-13 13:21:57.163000000
1928	1927	11	0022434C-E325-47B0-92A0-7302FFA5046F	2017-12-13 13:21:57.240000000
1930	1929	11	D617ECC5-35C8-4884-87C1-37DB082FD675	2017-12-13 13:21:57.303000000
1932	1931	11	8B01B6E4-AD96-4214-8E5E-722D357F3585	2017-12-13 13:21:57.383000000
1934	1933	11	2404176C-4DBC-497A-B3A8-CFFF7A9B4134	2017-12-13 13:21:57.443000000
1936	1935	11	2E635095-E411-4D41-BB0B-8AAD382B4C91	2017-12-13 13:21:57.507000000
1938	1937	11	1A7E8D99-8802-463D-84E4-D8324D773F56	2017-12-13 13:21:57.570000000
1940	1939	11	C3567E11-876F-4036-9779-DF2F5C9E0685	2017-12-13 13:21:57.633000000
1942	1941	11	26A00B06-0FD7-444B-9EED-053A1A8747E3	2017-12-13 13:21:57.693000000
1944	1943	11	9CCB1EAF-FE09-493C-88EA-493B3D2A65C6	2017-12-13 13:21:57.773000000
1946	1945	11	0D84E8C6-AE2B-402D-AAEC-68000389836C	2017-12-13 13:21:57.837000000
1948	1947	11	88DBA5D8-56E8-48AF-B6A1-56FC167FD434	2017-12-13 13:21:57.897000000
1950	1949	11	E0123A19-5736-4E00-B018-B317CAAABD75	2017-12-13 13:21:57.960000000
1952	1951	11	DEED8ED4-0AC8-46DB-B216-D43118FB630A	2017-12-13 13:21:58.023000000
1954	1953	11	4DA62D49-A904-4C4B-BB0E-C94E93375EBB	2017-12-13 13:21:58.087000000
1956	1955	11	0D413778-D29B-467D-8213-0B06410F0E8A	2017-12-13 13:21:58.147000000
1958	1957	14	73E600D2-C75E-4782-BFBF-283A38D4D271	2017-12-13 13:21:58.227000000
1960	1959	14	76C9F93D-A802-46D0-8B55-4650128FF842	2017-12-13 13:21:58.290000000
1962	1961	14	7672D937-B336-4FF0-B8C8-BA2201C4FD3E	2017-12-13 13:21:58.350000000
1964	1963	14	C49C40EC-CDCC-46AB-83C1-AA2609A6CD80	2017-12-13 13:21:58.413000000
1966	1965	14	39A4A055-4F49-4195-AE1A-89796C53EF0B	2017-12-13 13:21:58.490000000
1968	1967	14	1DC7BA12-AB58-4FA1-A14E-32E83BD159FF	2017-12-13 13:21:58.553000000
1970	1969	14	97310E2F-021D-4CD5-93D6-A9B49EE50EE6	2017-12-13 13:21:58.617000000
1972	1971	14	A71A4277-8D83-415B-ADBE-6E0B0E83995F	2017-12-13 13:21:58.680000000
1974	1973	14	A1429E2A-37E5-41F1-AF2F-8DA7EC305232	2017-12-13 13:21:58.740000000
1976	1975	14	E06A01CC-1FE6-4E86-8B2F-F0D1D1D34D61	2017-12-13 13:21:58.803000000
1978	1977	11	E7784BF8-4F12-4916-947F-3F1F08D22189	2017-12-13 13:21:58.867000000
1980	1979	11	E5DD2027-AAFE-4AF1-AEC8-84916DA4C7C5	2017-12-13 13:21:58.930000000
1982	1981	11	2EC86F59-58C2-45F5-B2AA-44711DF20923	2017-12-13 13:21:58.990000000
1984	1983	11	3899B7D6-F35B-4B34-A532-B300ED44E77C	2017-12-13 13:21:59.053000000
1986	1985	11	F97DA506-DC31-4F2D-A1B2-BCFE02205FD6	2017-12-13 13:21:59.133000000
1988	1987	11	9B850406-6270-475F-8A34-44FE67D35579	2017-12-13 13:21:59.193000000
1990	1989	11	7282E688-23FD-43A4-A247-5249B47DE0A7	2017-12-13 13:21:59.257000000
1992	1991	11	DC504FC5-4DA5-4A10-B095-C92537B8AE9D	2017-12-13 13:21:59.337000000
1994	1993	11	6C7D1AFE-B2F7-4385-9E39-24E2450BF8B0	2017-12-13 13:21:59.397000000
2051	2050	11	4714B7FF-1EBA-4E26-9625-53684DFA972B	2017-12-13 13:22:01.850000000
